,state,killed,injured,month,year
232,Indiana,1,3,December,2020
233,Oregon,0,4,December,2020
234,Illinois,3,3,December,2020
235,Florida,2,2,December,2020
236,Massachusetts,1,5,December,2020
237,Florida,1,3,December,2020
238,Florida,1,4,December,2020
239,Arkansas,5,0,December,2020
240,Florida,1,4,December,2020
241,Mississippi,5,0,December,2020
242,Connecticut,2,2,December,2020
243,Illinois,0,6,December,2020
244,West Virginia,4,0,December,2020
245,California,1,3,December,2020
246,New York,2,2,December,2020
247,New York,0,4,December,2020
248,Maryland,2,2,December,2020
249,Georgia,0,4,December,2020
250,Mississippi,0,5,December,2020
251,West Virginia,6,0,December,2020
252,Louisiana,2,3,December,2020
253,Texas,0,6,December,2020
254,California,1,3,December,2020
255,North Carolina,0,6,December,2020
256,Illinois,0,4,December,2020
257,Pennsylvania,1,3,December,2020
258,Alaska,4,0,November,2020
259,Mississippi,0,11,November,2020
260,Tennessee,2,3,November,2020
261,South Carolina,1,10,November,2020
262,South Carolina,0,5,November,2020
263,Louisiana,0,4,November,2020
264,Georgia,1,5,November,2020
265,Ohio,0,6,November,2020
266,Nevada,1,5,November,2020
267,New Jersey,0,4,November,2020
268,New York,1,6,November,2020
269,Illinois,1,3,November,2020
270,Louisiana,1,3,November,2020
271,Illinois,0,6,November,2020
272,Arizona,1,4,November,2020
273,Nebraska,2,2,November,2020
274,Wisconsin,0,8,November,2020
275,Florida,1,3,November,2020
276,Texas,3,2,November,2020
277,South Carolina,0,4,November,2020
278,Tennessee,0,4,November,2020
279,Florida,0,4,November,2020
280,Illinois,0,4,November,2020
281,Illinois,0,4,November,2020
282,Louisiana,0,5,November,2020
283,Georgia,2,2,November,2020
284,South Carolina,3,1,November,2020
285,Missouri,0,4,November,2020
286,Ohio,0,4,November,2020
287,California,2,3,November,2020
288,Florida,2,4,November,2020
289,North Carolina,0,6,November,2020
290,Florida,1,7,November,2020
291,Texas,0,4,November,2020
292,Virginia,0,4,November,2020
293,Tennessee,0,8,November,2020
294,Kansas,0,4,November,2020
295,South Carolina,1,3,November,2020
296,Louisiana,2,2,November,2020
297,Ohio,3,2,November,2020
298,Missouri,0,4,November,2020
299,Nevada,4,1,November,2020
300,Ohio,0,5,November,2020
301,South Carolina,0,6,November,2020
302,Indiana,0,4,November,2020
303,Oklahoma,1,3,November,2020
304,North Carolina,1,3,November,2020
305,Arizona,2,2,November,2020
306,New Jersey,1,4,November,2020
307,California,0,4,October,2020
308,Washington,0,5,October,2020
309,California,0,4,October,2020
310,Nevada,0,4,October,2020
311,Maryland,0,7,October,2020
312,Maryland,1,3,October,2020
313,Illinois,1,3,October,2020
314,Florida,0,4,October,2020
315,Virginia,0,4,October,2020
316,New Jersey,1,3,October,2020
317,Texas,2,3,October,2020
318,Texas,1,3,October,2020
319,North Carolina,1,3,October,2020
320,Mississippi,2,8,October,2020
321,Florida,1,3,October,2020
322,Louisiana,0,5,October,2020
323,Massachusetts,0,4,October,2020
324,Maryland,0,4,October,2020
325,New York,1,5,October,2020
326,Mississippi,2,2,October,2020
327,Texas,3,1,October,2020
328,Ohio,0,5,October,2020
329,Louisiana,1,3,October,2020
330,Maryland,1,3,October,2020
331,Illinois,1,4,October,2020
332,Tennessee,0,4,October,2020
333,New York,1,5,October,2020
334,South Carolina,0,5,October,2020
335,California,2,4,October,2020
336,Florida,3,1,October,2020
337,Arizona,1,6,October,2020
338,California,1,3,October,2020
339,Louisiana,2,2,October,2020
340,Maryland,0,7,October,2020
341,Pennsylvania,0,4,October,2020
342,South Carolina,2,3,October,2020
343,Georgia,0,4,October,2020
344,Illinois,1,3,October,2020
345,South Carolina,0,8,October,2020
346,Missouri,2,2,October,2020
347,Pennsylvania,1,6,October,2020
348,Alaska,1,4,October,2020
349,New York,1,3,October,2020
350,District of Columbia,1,3,October,2020
351,Indiana,3,4,October,2020
352,Georgia,1,5,October,2020
353,Tennessee,0,5,October,2020
354,California,1,3,October,2020
355,California,0,4,October,2020
356,Washington,0,4,October,2020
357,Michigan,0,5,October,2020
358,North Carolina,0,4,September,2020
359,Florida,0,4,September,2020
360,Wisconsin,0,7,September,2020
361,Pennsylvania,0,5,September,2020
362,Ohio,2,2,September,2020
363,Michigan,0,6,September,2020
364,Ohio,1,3,September,2020
365,California,1,3,September,2020
366,Tennessee,0,4,September,2020
367,Pennsylvania,0,4,September,2020
368,Alabama,1,3,September,2020
369,Iowa,2,6,September,2020
370,Illinois,0,4,September,2020
371,Missouri,0,5,September,2020
372,Pennsylvania,0,4,September,2020
373,Georgia,1,3,September,2020
374,Minnesota,0,5,September,2020
375,Ohio,1,4,September,2020
376,New York,0,4,September,2020
377,Connecticut,1,3,September,2020
378,New York,1,4,September,2020
379,Illinois,0,4,September,2020
380,Illinois,0,4,September,2020
381,New Jersey,0,4,September,2020
382,New York,2,14,September,2020
383,New Jersey,0,5,September,2020
384,Arkansas,0,5,September,2020
385,Arkansas,0,4,September,2020
386,Pennsylvania,2,3,September,2020
387,California,2,4,September,2020
388,Illinois,0,5,September,2020
389,Louisiana,0,4,September,2020
390,Tennessee,3,3,September,2020
391,Michigan,0,7,September,2020
392,Florida,0,4,September,2020
393,Illinois,1,3,September,2020
394,New Jersey,2,7,September,2020
395,Illinois,2,4,September,2020
396,North Carolina,0,5,September,2020
397,Pennsylvania,0,4,September,2020
398,Louisiana,0,5,September,2020
399,Louisiana,3,2,September,2020
400,Maryland,0,5,September,2020
401,Louisiana,0,4,September,2020
402,New York,0,5,September,2020
403,California,7,0,September,2020
404,Indiana,1,4,September,2020
405,Georgia,1,6,September,2020
406,Illinois,0,4,September,2020
407,Tennessee,0,4,September,2020
408,Colorado,0,4,September,2020
409,Missouri,0,6,September,2020
410,Missouri,1,3,September,2020
411,Louisiana,0,5,September,2020
412,Maryland,0,4,September,2020
413,Texas,0,4,September,2020
414,Maryland,1,3,September,2020
415,Florida,0,6,September,2020
416,Arkansas,0,4,September,2020
417,South Carolina,1,3,September,2020
418,Florida,1,3,September,2020
419,Arkansas,1,3,September,2020
420,Pennsylvania,0,6,September,2020
421,Arkansas,0,4,September,2020
422,Pennsylvania,2,2,September,2020
423,Georgia,1,3,September,2020
424,California,0,4,September,2020
425,Pennsylvania,0,5,August,2020
426,Florida,0,4,August,2020
427,Kentucky,0,7,August,2020
428,Illinois,1,3,August,2020
429,Texas,2,2,August,2020
430,New York,1,4,August,2020
431,Pennsylvania,0,4,August,2020
432,Illinois,1,4,August,2020
433,Kentucky,0,5,August,2020
434,Nevada,2,2,August,2020
435,Illinois,1,5,August,2020
436,Minnesota,0,4,August,2020
437,Pennsylvania,1,3,August,2020
438,Texas,1,4,August,2020
439,Oregon,1,3,August,2020
440,Michigan,3,1,August,2020
441,South Carolina,0,4,August,2020
442,Pennsylvania,0,4,August,2020
443,Virginia,0,5,August,2020
444,New York,0,4,August,2020
445,Michigan,0,4,August,2020
446,California,1,3,August,2020
447,Florida,0,4,August,2020
448,Virginia,1,4,August,2020
449,Arkansas,0,7,August,2020
450,New York,1,3,August,2020
451,Tennessee,1,4,August,2020
452,Colorado,0,6,August,2020
453,Illinois,0,4,August,2020
454,Illinois,0,4,August,2020
455,Illinois,1,3,August,2020
456,Alabama,1,3,August,2020
457,Pennsylvania,0,4,August,2020
458,Illinois,0,6,August,2020
459,Pennsylvania,1,4,August,2020
460,New York,0,4,August,2020
461,Illinois,0,4,August,2020
462,Ohio,0,5,August,2020
463,New York,0,4,August,2020
464,Texas,3,2,August,2020
465,Ohio,1,3,August,2020
466,Ohio,2,9,August,2020
467,Kentucky,1,3,August,2020
468,Ohio,1,3,August,2020
469,Colorado,2,4,August,2020
470,Oklahoma,0,4,August,2020
471,Michigan,4,0,August,2020
472,Pennsylvania,0,5,August,2020
473,New York,0,5,August,2020
474,Connecticut,1,5,August,2020
475,Alabama,2,3,August,2020
476,New York,0,4,August,2020
477,New Jersey,1,4,August,2020
478,Ohio,1,3,August,2020
479,California,0,5,August,2020
480,Colorado,0,9,August,2020
481,Ohio,0,6,August,2020
482,District of Columbia,1,21,August,2020
483,Mississippi,0,4,August,2020
484,Texas,0,4,August,2020
485,Kentucky,1,4,August,2020
486,Pennsylvania,0,6,August,2020
487,Massachusetts,0,5,August,2020
488,Alabama,1,5,August,2020
489,New York,1,3,August,2020
490,California,1,3,August,2020
491,Illinois,0,4,August,2020
492,Wisconsin,0,4,August,2020
493,District of Columbia,0,4,August,2020
494,California,1,4,August,2020
495,Missouri,1,3,August,2020
496,Connecticut,1,5,August,2020
497,New York,0,4,August,2020
498,Pennsylvania,0,4,August,2020
499,New Jersey,0,5,August,2020
500,Illinois,1,4,August,2020
501,Texas,2,3,August,2020
502,Colorado,1,4,August,2020
503,Alabama,0,4,August,2020
504,Pennsylvania,2,2,July,2020
505,Florida,0,5,July,2020
506,Florida,0,5,July,2020
507,Michigan,0,4,July,2020
508,Ohio,5,0,July,2020
509,Missouri,3,2,July,2020
510,Delaware,2,2,July,2020
511,Wisconsin,0,4,July,2020
512,Washington,1,3,July,2020
513,Illinois,1,4,July,2020
514,Michigan,1,3,July,2020
515,Texas,0,4,July,2020
516,Kentucky,1,3,July,2020
517,Colorado,1,3,July,2020
518,Arkansas,0,4,July,2020
519,Michigan,0,6,July,2020
520,North Carolina,0,4,July,2020
521,Florida,1,3,July,2020
522,Colorado,2,3,July,2020
523,Texas,0,4,July,2020
524,California,0,7,July,2020
525,Georgia,2,2,July,2020
526,Virginia,1,3,July,2020
527,Virginia,0,4,July,2020
528,Illinois,2,4,July,2020
529,Michigan,0,4,July,2020
530,Illinois,0,15,July,2020
531,Virginia,1,4,July,2020
532,Illinois,0,5,July,2020
533,Michigan,1,3,July,2020
534,Illinois,0,13,July,2020
535,Nebraska,0,8,July,2020
536,Illinois,2,3,July,2020
537,District of Columbia,1,8,July,2020
538,Michigan,4,0,July,2020
539,Illinois,1,4,July,2020
540,Ohio,0,4,July,2020
541,Florida,0,4,July,2020
542,Tennessee,0,5,July,2020
543,Louisiana,1,3,July,2020
544,New York,1,5,July,2020
545,Missouri,0,5,July,2020
546,North Carolina,0,8,July,2020
547,New York,0,6,July,2020
548,Kentucky,1,3,July,2020
549,Washington,0,6,July,2020
550,Louisiana,1,7,July,2020
551,New York,1,3,July,2020
552,Michigan,0,5,July,2020
553,Florida,2,2,July,2020
554,Illinois,1,3,July,2020
555,Illinois,1,4,July,2020
556,Mississippi,2,4,July,2020
557,New York,0,6,July,2020
558,Delaware,0,5,July,2020
559,Virginia,0,5,July,2020
560,New Jersey,4,3,July,2020
561,Illinois,0,6,July,2020
562,Illinois,0,4,July,2020
563,Iowa,1,3,July,2020
564,New York,0,5,July,2020
565,South Carolina,2,8,July,2020
566,Arkansas,1,3,July,2020
567,Georgia,2,13,July,2020
568,Missouri,2,3,July,2020
569,Wisconsin,0,4,July,2020
570,Texas,0,4,July,2020
571,Maryland,0,4,July,2020
572,Illinois,1,5,July,2020
573,Pennsylvania,0,4,July,2020
574,Illinois,1,5,July,2020
575,Mississippi,0,4,July,2020
576,Michigan,2,4,July,2020
577,South Carolina,0,5,July,2020
578,Maryland,1,3,July,2020
579,Georgia,0,5,July,2020
580,Massachusetts,1,4,July,2020
581,Illinois,1,3,July,2020
582,Illinois,4,4,July,2020
583,Louisiana,0,4,July,2020
584,Mississippi,1,3,July,2020
585,Alabama,1,3,July,2020
586,Maryland,0,4,July,2020
587,California,2,3,July,2020
588,Massachusetts,0,4,July,2020
589,New Jersey,1,4,July,2020
590,California,0,4,July,2020
591,Louisiana,0,4,July,2020
592,Iowa,0,5,June,2020
593,Georgia,1,4,June,2020
594,Massachusetts,1,3,June,2020
595,Illinois,0,4,June,2020
596,Ohio,0,4,June,2020
597,Arkansas,0,4,June,2020
598,California,0,4,June,2020
599,South Dakota,1,3,June,2020
600,Pennsylvania,2,2,June,2020
601,Alabama,0,7,June,2020
602,Illinois,2,2,June,2020
603,California,3,4,June,2020
604,Illinois,0,4,June,2020
605,New York,0,4,June,2020
606,Arkansas,3,1,June,2020
607,Colorado,0,5,June,2020
608,California,0,4,June,2020
609,Arizona,0,4,June,2020
610,Pennsylvania,0,4,June,2020
611,Connecticut,1,3,June,2020
612,Tennessee,0,4,June,2020
613,Illinois,0,4,June,2020
614,Florida,0,5,June,2020
615,North Carolina,4,5,June,2020
616,California,0,5,June,2020
617,New York,0,5,June,2020
618,Minnesota,0,4,June,2020
619,Minnesota,0,4,June,2020
620,Illinois,0,5,June,2020
621,Illinois,0,4,June,2020
622,Ohio,1,4,June,2020
623,New York,0,4,June,2020
624,Texas,0,5,June,2020
625,Minnesota,0,11,June,2020
626,Alabama,0,4,June,2020
627,Texas,1,3,June,2020
628,Wisconsin,0,5,June,2020
629,Illinois,1,3,June,2020
630,New York,0,4,June,2020
631,New York,1,8,June,2020
632,Michigan,0,4,June,2020
633,Michigan,1,3,June,2020
634,Wisconsin,0,5,June,2020
635,North Carolina,2,2,June,2020
636,New Jersey,1,4,June,2020
637,Kansas,0,5,June,2020
638,New York,0,4,June,2020
639,New York,0,7,June,2020
640,Illinois,0,4,June,2020
641,Iowa,2,2,June,2020
642,Illinois,0,4,June,2020
643,Minnesota,1,6,June,2020
644,Kentucky,1,4,June,2020
645,Louisiana,0,5,June,2020
646,Louisiana,0,4,June,2020
647,Louisiana,2,2,June,2020
648,Arkansas,0,4,June,2020
649,California,0,5,June,2020
650,Missouri,2,4,June,2020
651,New York,1,7,June,2020
652,Maryland,0,5,June,2020
653,Georgia,2,5,June,2020
654,District of Columbia,2,5,June,2020
655,Pennsylvania,0,6,June,2020
656,New York,1,3,June,2020
657,Texas,0,8,June,2020
658,Virginia,0,4,June,2020
659,District of Columbia,0,7,June,2020
660,Louisiana,6,0,June,2020
661,Texas,2,4,June,2020
662,California,1,4,June,2020
663,Ohio,1,3,June,2020
664,California,2,4,June,2020
665,North Carolina,0,5,June,2020
666,Pennsylvania,1,6,June,2020
667,California,2,3,June,2020
668,New York,0,4,June,2020
669,Tennessee,0,4,June,2020
670,Arkansas,0,5,June,2020
671,Illinois,1,3,June,2020
672,Missouri,2,7,June,2020
673,Tennessee,0,5,June,2020
674,Illinois,1,3,June,2020
675,Illinois,0,6,June,2020
676,Missouri,1,4,June,2020
677,Mississippi,0,5,June,2020
678,California,1,4,June,2020
679,Ohio,0,4,June,2020
680,Colorado,0,4,June,2020
681,Alabama,7,0,June,2020
682,Texas,1,3,June,2020
683,Wisconsin,0,5,June,2020
684,Illinois,0,4,June,2020
685,Missouri,0,4,June,2020
686,Mississippi,1,5,May,2020
687,Pennsylvania,0,4,May,2020
688,New Jersey,0,4,May,2020
689,District of Columbia,0,4,May,2020
690,Texas,1,4,May,2020
691,Florida,2,4,May,2020
692,North Carolina,1,5,May,2020
693,Virginia,0,5,May,2020
694,Kentucky,0,7,May,2020
695,Tennessee,0,4,May,2020
696,Pennsylvania,1,3,May,2020
697,Massachusetts,1,4,May,2020
698,Ohio,1,3,May,2020
699,California,0,5,May,2020
700,Pennsylvania,0,4,May,2020
701,Mississippi,0,4,May,2020
702,Pennsylvania,0,4,May,2020
703,Illinois,2,2,May,2020
704,California,0,5,May,2020
705,South Carolina,3,5,May,2020
706,Louisiana,0,6,May,2020
707,Missouri,0,4,May,2020
708,Alabama,3,1,May,2020
709,South Carolina,0,4,May,2020
710,Texas,0,4,May,2020
711,Illinois,1,4,May,2020
712,South Carolina,2,5,May,2020
713,North Carolina,0,6,May,2020
714,Michigan,1,3,May,2020
715,Florida,0,5,May,2020
716,Florida,0,6,May,2020
717,Illinois,1,3,May,2020
718,Mississippi,1,4,May,2020
719,Ohio,1,3,May,2020
720,Texas,2,3,May,2020
721,Illinois,0,5,May,2020
722,California,0,5,May,2020
723,South Carolina,0,4,May,2020
724,Maryland,1,3,May,2020
725,South Carolina,4,1,May,2020
726,Louisiana,0,13,May,2020
727,Florida,0,5,May,2020
728,Pennsylvania,0,4,May,2020
729,New Mexico,0,5,May,2020
730,Illinois,1,4,May,2020
731,Kentucky,1,4,May,2020
732,Tennessee,0,4,May,2020
733,Alabama,0,4,May,2020
734,Louisiana,0,5,May,2020
735,Texas,0,5,May,2020
736,Texas,0,6,May,2020
737,Missouri,0,4,May,2020
738,Maryland,0,4,May,2020
739,Texas,3,1,May,2020
740,Georgia,1,3,May,2020
741,Tennessee,2,2,May,2020
742,Ohio,0,4,May,2020
743,Florida,1,3,May,2020
744,Illinois,0,5,May,2020
745,Pennsylvania,0,4,May,2020
746,Indiana,0,4,April,2020
747,Wisconsin,5,0,April,2020
748,New York,0,4,April,2020
749,North Carolina,1,4,April,2020
750,Florida,1,4,April,2020
751,Tennessee,0,7,April,2020
752,Texas,3,1,April,2020
753,Indiana,0,4,April,2020
754,Maryland,2,2,April,2020
755,North Carolina,1,3,April,2020
756,Massachusetts,1,4,April,2020
757,Pennsylvania,0,4,April,2020
758,Mississippi,1,3,April,2020
759,California,0,6,April,2020
760,Michigan,0,4,April,2020
761,Michigan,0,4,April,2020
762,South Carolina,1,3,April,2020
763,Alaska,0,4,April,2020
764,Illinois,1,3,April,2020
765,New York,0,4,April,2020
766,California,1,3,April,2020
767,South Carolina,1,4,April,2020
768,Texas,0,4,April,2020
769,Texas,2,2,April,2020
770,Florida,1,4,April,2020
771,Kentucky,0,4,April,2020
772,Georgia,3,1,March,2020
773,Pennsylvania,0,5,March,2020
774,Georgia,0,4,March,2020
775,Maryland,1,3,March,2020
776,Texas,0,4,March,2020
777,South Carolina,0,4,March,2020
778,Virginia,0,4,March,2020
779,Missouri,0,4,March,2020
780,Florida,1,4,March,2020
781,Maryland,0,7,March,2020
782,North Carolina,7,0,March,2020
783,Missouri,5,2,March,2020
784,Michigan,2,2,March,2020
785,New Mexico,1,3,March,2020
786,Illinois,0,4,March,2020
787,Louisiana,0,5,March,2020
788,Pennsylvania,2,2,March,2020
789,Maryland,1,5,March,2020
790,Illinois,0,4,March,2020
791,California,1,3,March,2020
792,Ohio,1,18,March,2020
793,New Mexico,0,4,March,2020
794,Illinois,0,7,March,2020
795,District of Columbia,0,6,March,2020
796,California,1,5,March,2020
797,Missouri,1,4,February,2020
798,Colorado,0,5,February,2020
799,Wisconsin,6,0,February,2020
800,Illinois,1,4,February,2020
801,North Carolina,3,1,February,2020
802,Texas,0,7,February,2020
803,Idaho,2,3,February,2020
804,North Carolina,0,4,February,2020
805,Mississippi,2,2,February,2020
806,Connecticut,1,5,February,2020
807,Florida,1,4,February,2020
808,Louisiana,0,4,February,2020
809,Tennessee,0,7,February,2020
810,Illinois,0,6,February,2020
811,Delaware,1,4,February,2020
812,Texas,1,3,February,2020
813,Indiana,4,0,February,2020
814,Maine,3,1,February,2020
815,California,1,5,February,2020
816,Mississippi,0,4,February,2020
817,California,1,4,January,2020
818,Louisiana,0,4,January,2020
819,Florida,1,3,January,2020
820,California,0,4,January,2020
821,Connecticut,0,4,January,2020
822,Missouri,0,5,January,2020
823,New York,3,1,January,2020
824,North Carolina,0,6,January,2020
825,South Carolina,3,3,January,2020
826,North Carolina,5,0,January,2020
827,Washington,1,7,January,2020
828,Missouri,2,15,January,2020
829,Tennessee,1,4,January,2020
830,Texas,2,5,January,2020
831,Texas,2,2,January,2020
832,Utah,4,1,January,2020
833,Illinois,0,5,January,2020
834,Colorado,0,5,January,2020
835,Mississippi,2,2,January,2020
836,Georgia,0,4,January,2020
837,Florida,1,3,January,2020
838,New York,0,4,January,2020
839,Ohio,0,4,January,2020
840,West Virginia,0,7,January,2020
841,Missouri,3,2,January,2020
842,Illinois,0,5,December,2019
843,New York,1,3,December,2019
844,California,0,5,December,2019
845,California,1,3,December,2019
846,Georgia,0,4,December,2019
847,Texas,2,7,December,2019
848,Florida,0,5,December,2019
849,California,0,4,December,2019
850,Iowa,1,3,December,2019
851,Virginia,1,3,December,2019
852,Louisiana,0,4,December,2019
853,Illinois,0,5,December,2019
854,North Carolina,0,6,December,2019
855,Maryland,0,7,December,2019
856,Minnesota,1,7,December,2019
857,Illinois,0,13,December,2019
858,Louisiana,0,4,December,2019
859,Mississippi,1,6,December,2019
860,Alabama,2,2,December,2019
861,Texas,0,4,December,2019
862,Montana,4,1,December,2019
863,Georgia,1,4,December,2019
864,California,0,4,December,2019
865,Missouri,1,3,December,2019
866,New Jersey,6,3,December,2019
867,Texas,2,3,December,2019
868,Louisiana,1,4,December,2019
869,Florida,4,8,December,2019
870,Alabama,2,2,December,2019
871,Louisiana,2,3,December,2019
872,Louisiana,2,2,December,2019
873,Illinois,1,4,December,2019
874,Michigan,1,3,December,2019
875,Louisiana,0,12,December,2019
876,Arkansas,0,5,November,2019
877,Texas,0,7,November,2019
878,New York,0,5,November,2019
879,Florida,2,2,November,2019
880,Alabama,1,4,November,2019
881,California,0,6,November,2019
882,Louisiana,2,2,November,2019
883,California,0,4,November,2019
884,Louisiana,1,6,November,2019
885,California,0,5,November,2019
886,Washington,0,4,November,2019
887,California,0,4,November,2019
888,New Jersey,1,4,November,2019
889,California,4,6,November,2019
890,Ohio,0,4,November,2019
891,California,6,0,November,2019
892,California,3,3,November,2019
893,Florida,0,4,November,2019
894,Missouri,0,4,November,2019
895,Tennessee,1,4,November,2019
896,Arkansas,0,4,November,2019
897,Michigan,0,4,November,2019
898,Georgia,0,4,November,2019
899,North Carolina,1,3,November,2019
900,Georgia,2,3,November,2019
901,Texas,1,4,November,2019
902,Ohio,0,4,November,2019
903,Texas,1,3,November,2019
904,Louisiana,0,4,November,2019
905,Michigan,1,4,November,2019
906,Arizona,0,5,November,2019
907,Texas,0,4,November,2019
908,California,5,3,October,2019
909,Pennsylvania,4,0,October,2019
910,Maryland,1,3,October,2019
911,California,3,9,October,2019
912,Maryland,1,3,October,2019
913,Michigan,0,4,October,2019
914,Michigan,1,4,October,2019
915,Texas,2,6,October,2019
916,Oklahoma,2,2,October,2019
917,Oklahoma,1,3,October,2019
918,South Carolina,0,4,October,2019
919,Texas,1,3,October,2019
920,Pennsylvania,0,4,October,2019
921,Texas,1,4,October,2019
922,Ohio,0,4,October,2019
923,Pennsylvania,0,6,October,2019
924,Ohio,0,4,October,2019
925,New York,4,3,October,2019
926,Illinois,5,0,October,2019
927,Pennsylvania,1,3,October,2019
928,Maryland,1,3,October,2019
929,Michigan,1,5,October,2019
930,Florida,2,2,October,2019
931,Pennsylvania,0,5,October,2019
932,Massachusetts,0,5,October,2019
933,Maryland,1,3,October,2019
934,Massachusetts,5,0,October,2019
935,Indiana,0,5,October,2019
936,Colorado,0,4,October,2019
937,Kansas,4,5,October,2019
938,Missouri,0,5,October,2019
939,North Carolina,1,3,October,2019
940,Missouri,1,3,October,2019
941,Missouri,0,4,October,2019
942,Illinois,1,3,September,2019
943,Wisconsin,0,4,September,2019
944,Florida,0,4,September,2019
945,Kansas,0,4,September,2019
946,Texas,4,0,September,2019
947,Illinois,1,3,September,2019
948,Indiana,2,2,September,2019
949,Missouri,0,5,September,2019
950,Louisiana,0,4,September,2019
951,South Carolina,2,8,September,2019
952,Indiana,0,6,September,2019
953,Ohio,4,0,September,2019
954,Louisiana,1,5,September,2019
955,District of Columbia,1,5,September,2019
956,Illinois,3,1,September,2019
957,California,2,2,September,2019
958,Wyoming,2,2,September,2019
959,Missouri,1,3,September,2019
960,California,1,4,September,2019
961,Georgia,0,4,September,2019
962,New Mexico,1,4,September,2019
963,New Mexico,4,2,September,2019
964,Illinois,0,4,September,2019
965,South Carolina,2,2,September,2019
966,Louisiana,1,3,September,2019
967,North Carolina,3,1,September,2019
968,Louisiana,2,2,September,2019
969,Florida,0,4,September,2019
970,North Carolina,2,2,September,2019
971,Illinois,0,4,September,2019
972,Alabama,5,0,September,2019
973,Connecticut,1,3,September,2019
974,North Carolina,0,4,September,2019
975,Alabama,0,7,September,2019
976,Ohio,0,4,September,2019
977,North Carolina,1,3,August,2019
978,South Carolina,0,4,August,2019
979,Texas,8,23,August,2019
980,Pennsylvania,2,2,August,2019
981,Maryland,0,4,August,2019
982,Maryland,0,4,August,2019
983,Illinois,2,3,August,2019
984,Maryland,1,3,August,2019
985,Alabama,0,6,August,2019
986,Maryland,1,3,August,2019
987,New Mexico,3,4,August,2019
988,Illinois,1,3,August,2019
989,Maryland,0,7,August,2019
990,Massachusetts,1,3,August,2019
991,Texas,3,2,August,2019
992,Georgia,0,4,August,2019
993,Missouri,1,3,August,2019
994,South Carolina,2,2,August,2019
995,California,0,4,August,2019
996,Georgia,0,4,August,2019
997,Missouri,0,4,August,2019
998,Texas,0,6,August,2019
999,Alabama,2,3,August,2019
1000,Pennsylvania,0,5,August,2019
1001,Pennsylvania,0,6,August,2019
1002,Washington,2,3,August,2019
1003,Mississippi,0,4,August,2019
1004,Illinois,0,6,August,2019
1005,Virginia,0,4,August,2019
1006,California,0,4,August,2019
1007,Illinois,0,4,August,2019
1008,Missouri,3,1,August,2019
1009,New York,0,4,August,2019
1010,Louisiana,0,4,August,2019
1011,Illinois,1,7,August,2019
1012,Tennessee,1,3,August,2019
1013,Illinois,0,7,August,2019
1014,Ohio,10,17,August,2019
1015,Texas,23,23,August,2019
1016,Virginia,2,3,August,2019
1017,Ohio,0,5,July,2019
1018,Pennsylvania,1,5,July,2019
1019,California,4,17,July,2019
1020,Wisconsin,5,2,July,2019
1021,District of Columbia,0,4,July,2019
1022,Illinois,0,4,July,2019
1023,Kansas,1,3,July,2019
1024,New York,1,11,July,2019
1025,Washington,1,3,July,2019
1026,California,4,2,July,2019
1027,Illinois,0,4,July,2019
1028,District of Columbia,0,4,July,2019
1029,Pennsylvania,0,4,July,2019
1030,Maryland,1,3,July,2019
1031,Illinois,0,7,July,2019
1032,Illinois,1,3,July,2019
1033,Texas,1,3,July,2019
1034,Texas,0,4,July,2019
1035,Georgia,0,4,July,2019
1036,Illinois,0,4,July,2019
1037,Illinois,1,4,July,2019
1038,Pennsylvania,0,7,July,2019
1039,Texas,0,4,July,2019
1040,District of Columbia,2,2,July,2019
1041,Michigan,0,6,July,2019
1042,Missouri,0,5,July,2019
1043,Illinois,0,4,July,2019
1044,Illinois,0,4,July,2019
1045,New Mexico,0,4,July,2019
1046,California,0,4,July,2019
1047,Missouri,5,0,July,2019
1048,Massachusetts,0,6,July,2019
1049,Nevada,1,5,July,2019
1050,Illinois,0,5,July,2019
1051,New York,0,4,July,2019
1052,Illinois,0,4,July,2019
1053,California,0,4,July,2019
1054,Illinois,1,3,July,2019
1055,California,1,3,July,2019
1056,Texas,2,3,July,2019
1057,Missouri,0,4,July,2019
1058,Maryland,0,4,July,2019
1059,California,0,4,June,2019
1060,California,0,5,June,2019
1061,Texas,2,2,June,2019
1062,New York,0,6,June,2019
1063,Connecticut,0,4,June,2019
1064,Louisiana,0,4,June,2019
1065,Illinois,0,5,June,2019
1066,Louisiana,0,7,June,2019
1067,New Jersey,0,4,June,2019
1068,Connecticut,0,5,June,2019
1069,Georgia,0,7,June,2019
1070,New Jersey,0,4,June,2019
1071,Minnesota,0,5,June,2019
1072,Georgia,0,7,June,2019
1073,Ohio,1,3,June,2019
1074,Wisconsin,0,4,June,2019
1075,California,1,3,June,2019
1076,California,5,0,June,2019
1077,Indiana,1,10,June,2019
1078,Ohio,0,5,June,2019
1079,South Carolina,3,1,June,2019
1080,Virginia,0,4,June,2019
1081,Pennsylvania,0,4,June,2019
1082,Maryland,1,4,June,2019
1083,Michigan,1,3,June,2019
1084,Illinois,0,4,June,2019
1085,California,5,0,June,2019
1086,California,0,5,June,2019
1087,Pennsylvania,0,10,June,2019
1088,New Jersey,1,4,June,2019
1089,Texas,0,4,June,2019
1090,Tennessee,0,5,June,2019
1091,Pennsylvania,1,5,June,2019
1092,Kentucky,1,6,June,2019
1093,Iowa,0,6,June,2019
1094,Louisiana,0,4,June,2019
1095,North Carolina,1,3,June,2019
1096,Colorado,0,4,June,2019
1097,Georgia,2,2,June,2019
1098,Ohio,1,3,June,2019
1099,New York,0,4,June,2019
1100,Tennessee,1,3,June,2019
1101,Washington,5,2,June,2019
1102,Illinois,0,4,June,2019
1103,Texas,0,5,June,2019
1104,Illinois,1,3,June,2019
1105,California,0,4,June,2019
1106,South Carolina,0,5,June,2019
1107,Illinois,0,4,June,2019
1108,Virginia,1,3,June,2019
1109,Illinois,0,4,June,2019
1110,Georgia,0,5,June,2019
1111,Georgia,2,4,June,2019
1112,Virginia,13,4,May,2019
1113,California,1,3,May,2019
1114,Illinois,0,5,May,2019
1115,Texas,3,2,May,2019
1116,Louisiana,1,3,May,2019
1117,Missouri,2,2,May,2019
1118,District of Columbia,0,5,May,2019
1119,New Jersey,1,5,May,2019
1120,District of Columbia,1,3,May,2019
1121,Virginia,0,5,May,2019
1122,California,1,3,May,2019
1123,New Jersey,0,9,May,2019
1124,Michigan,3,2,May,2019
1125,Virginia,1,9,May,2019
1126,Maryland,0,4,May,2019
1127,Oklahoma,0,5,May,2019
1128,Oklahoma,2,2,May,2019
1129,Louisiana,1,4,May,2019
1130,Ohio,0,4,May,2019
1131,Oregon,0,5,May,2019
1132,Mississippi,1,4,May,2019
1133,Alabama,1,8,May,2019
1134,Indiana,1,6,May,2019
1135,California,1,4,May,2019
1136,Iowa,2,2,May,2019
1137,Nebraska,0,4,May,2019
1138,North Carolina,2,4,May,2019
1139,California,1,3,May,2019
1140,Ohio,0,4,May,2019
1141,Louisiana,0,4,May,2019
1142,California,0,4,May,2019
1143,Louisiana,0,4,May,2019
1144,Missouri,4,1,May,2019
1145,Pennsylvania,0,4,May,2019
1146,Pennsylvania,0,5,May,2019
1147,Missouri,0,6,May,2019
1148,Indiana,0,4,May,2019
1149,Colorado,1,8,May,2019
1150,New Jersey,1,4,May,2019
1151,California,0,6,May,2019
1152,Missouri,1,4,May,2019
1153,Indiana,0,4,May,2019
1154,California,1,4,May,2019
1155,Delaware,0,4,May,2019
1156,Texas,1,3,May,2019
1157,Maryland,0,5,May,2019
1158,Maryland,0,4,May,2019
1159,Massachusetts,1,3,May,2019
1160,North Carolina,2,4,April,2019
1161,Tennessee,0,7,April,2019
1162,Alabama,0,4,April,2019
1163,Maryland,1,7,April,2019
1164,Ohio,4,0,April,2019
1165,Mississippi,1,3,April,2019
1166,California,1,3,April,2019
1167,California,0,6,April,2019
1168,Pennsylvania,0,4,April,2019
1169,Tennessee,0,6,April,2019
1170,Kansas,0,4,April,2019
1171,Kentucky,0,4,April,2019
1172,Maryland,1,3,April,2019
1173,Florida,2,2,April,2019
1174,California,1,3,April,2019
1175,California,0,4,April,2019
1176,California,0,4,April,2019
1177,Illinois,0,4,April,2019
1178,Maryland,1,3,April,2019
1179,California,1,4,April,2019
1180,Arizona,3,2,April,2019
1181,Missouri,1,3,April,2019
1182,North Carolina,0,7,April,2019
1183,Indiana,2,2,April,2019
1184,Delaware,0,6,April,2019
1185,Louisiana,0,4,April,2019
1186,Florida,0,4,April,2019
1187,Illinois,0,6,April,2019
1188,Florida,1,3,April,2019
1189,Georgia,3,2,April,2019
1190,Mississippi,0,4,April,2019
1191,Kentucky,0,5,April,2019
1192,Georgia,1,4,March,2019
1193,South Carolina,0,7,March,2019
1194,Illinois,1,4,March,2019
1195,Maryland,0,4,March,2019
1196,Nevada,0,5,March,2019
1197,California,1,5,March,2019
1198,Arizona,0,7,March,2019
1199,Arizona,2,4,March,2019
1200,Georgia,0,4,March,2019
1201,Georgia,1,3,March,2019
1202,Nevada,0,4,March,2019
1203,New Jersey,1,3,March,2019
1204,Alabama,2,4,March,2019
1205,Montana,1,3,March,2019
1206,New Jersey,0,4,March,2019
1207,Louisiana,0,4,March,2019
1208,Colorado,1,4,March,2019
1209,California,0,4,March,2019
1210,Illinois,0,6,March,2019
1211,Arkansas,1,4,March,2019
1212,California,1,3,February,2019
1213,Alabama,2,2,February,2019
1214,Maryland,1,4,February,2019
1215,Kentucky,2,2,February,2019
1216,Texas,2,2,February,2019
1217,Tennessee,0,4,February,2019
1218,Texas,2,2,February,2019
1219,Indiana,0,5,February,2019
1220,Louisiana,1,5,February,2019
1221,Mississippi,5,0,February,2019
1222,Illinois,6,6,February,2019
1223,Texas,5,0,February,2019
1224,Virginia,0,4,February,2019
1225,New York,1,3,February,2019
1226,Texas,2,2,February,2019
1227,District of Columbia,0,5,February,2019
1228,Louisiana,0,4,February,2019
1229,Illinois,2,5,February,2019
1230,California,4,0,February,2019
1231,California,0,4,February,2019
1232,Texas,2,5,January,2019
1233,Alabama,0,5,January,2019
1234,Georgia,0,4,January,2019
1235,Louisiana,5,0,January,2019
1236,Indiana,0,5,January,2019
1237,New Jersey,1,3,January,2019
1238,Pennsylvania,4,1,January,2019
1239,Georgia,4,1,January,2019
1240,Florida,5,0,January,2019
1241,Florida,0,4,January,2019
1242,Pennsylvania,0,4,January,2019
1243,South Carolina,1,4,January,2019
1244,Illinois,0,4,January,2019
1245,Florida,3,2,January,2019
1246,Texas,3,2,January,2019
1247,Kentucky,3,1,January,2019
1248,Florida,1,5,January,2019
1249,California,3,1,January,2019
1250,Arkansas,1,4,January,2019
1251,Arizona,1,5,January,2019
1252,New Mexico,0,4,January,2019
1253,Virginia,3,2,January,2019
1254,California,3,4,January,2019
1255,Arizona,1,3,January,2019
1256,Arkansas,1,3,January,2019
1257,South Carolina,0,5,January,2019
1258,Florida,0,5,January,2019
1259,Ohio,3,2,December,2018
1260,Ohio,1,3,December,2018
1261,Missouri,4,1,December,2018
1262,Louisiana,2,2,December,2018
1263,Missouri,1,6,December,2018
1264,Nevada,0,4,December,2018
1265,Maryland,0,5,December,2018
1266,Florida,0,5,December,2018
1267,Colorado,1,3,December,2018
1268,Pennsylvania,0,4,December,2018
1269,Louisiana,1,3,December,2018
1270,Wisconsin,0,4,December,2018
1271,California,0,5,December,2018
1272,New York,0,5,December,2018
1273,Florida,0,5,December,2018
1274,Tennessee,0,4,November,2018
1275,Alabama,2,2,November,2018
1276,California,0,4,November,2018
1277,Texas,1,3,November,2018
1278,Florida,2,5,November,2018
1279,Indiana,3,2,November,2018
1280,Missouri,0,4,November,2018
1281,Colorado,1,4,November,2018
1282,Pennsylvania,4,0,November,2018
1283,California,1,4,November,2018
1284,Arkansas,3,1,November,2018
1285,Louisiana,3,1,November,2018
1286,New Mexico,4,1,November,2018
1287,North Carolina,3,1,November,2018
1288,Arizona,3,1,November,2018
1289,California,13,2,November,2018
1290,New York,0,5,November,2018
1291,California,0,4,November,2018
1292,Florida,3,4,November,2018
1293,Minnesota,0,5,November,2018
1294,Missouri,3,2,November,2018
1295,Michigan,1,3,October,2018
1296,California,2,3,October,2018
1297,California,0,5,October,2018
1298,California,0,7,October,2018
1299,Arkansas,2,2,October,2018
1300,Tennessee,0,5,October,2018
1301,Pennsylvania,11,7,October,2018
1302,New Jersey,1,3,October,2018
1303,Illinois,0,5,October,2018
1304,Illinois,0,6,October,2018
1305,Florida,1,5,October,2018
1306,Washington,1,3,October,2018
1307,Georgia,0,4,October,2018
1308,Tennessee,5,0,October,2018
1309,Texas,0,4,October,2018
1310,Nevada,3,1,October,2018
1311,California,2,2,October,2018
1312,Texas,4,1,October,2018
1313,Missouri,0,4,October,2018
1314,South Carolina,0,6,October,2018
1315,Nevada,0,4,October,2018
1316,Alabama,0,4,October,2018
1317,Oklahoma,0,4,October,2018
1318,Texas,1,3,October,2018
1319,California,0,6,October,2018
1320,Georgia,0,4,October,2018
1321,New Mexico,1,3,October,2018
1322,South Carolina,2,6,October,2018
1323,Pennsylvania,1,4,October,2018
1324,Illinois,2,2,October,2018
1325,California,1,3,September,2018
1326,Florida,1,4,September,2018
1327,Pennsylvania,2,2,September,2018
1328,Tennessee,3,2,September,2018
1329,California,1,4,September,2018
1330,California,0,4,September,2018
1331,New York,0,4,September,2018
1332,District of Columbia,0,4,September,2018
1333,Maryland,4,3,September,2018
1334,New York,0,5,September,2018
1335,Wisconsin,1,4,September,2018
1336,Pennsylvania,1,4,September,2018
1337,Illinois,0,4,September,2018
1338,Louisiana,0,4,September,2018
1339,Tennessee,0,4,September,2018
1340,Maryland,4,1,September,2018
1341,Wisconsin,0,4,September,2018
1342,California,6,0,September,2018
1343,Illinois,0,4,September,2018
1344,Tennessee,0,5,September,2018
1345,Illinois,1,3,September,2018
1346,Alabama,1,4,September,2018
1347,Florida,0,4,September,2018
1348,Minnesota,1,3,September,2018
1349,Ohio,4,2,September,2018
1350,Georgia,0,4,September,2018
1351,Texas,0,4,September,2018
1352,New Jersey,2,2,September,2018
1353,Alabama,0,7,September,2018
1354,Arkansas,0,4,September,2018
1355,California,0,8,September,2018
1356,New Jersey,0,4,September,2018
1357,Florida,1,3,September,2018
1358,Ohio,1,7,September,2018
1359,Colorado,2,3,August,2018
1360,Arkansas,1,3,August,2018
1361,Florida,3,9,August,2018
1362,Virginia,0,5,August,2018
1363,Tennessee,1,4,August,2018
1364,Pennsylvania,0,4,August,2018
1365,Maryland,0,4,August,2018
1366,Missouri,0,4,August,2018
1367,Tennessee,0,4,August,2018
1368,Tennessee,1,4,August,2018
1369,Ohio,1,3,August,2018
1370,Illinois,0,5,August,2018
1371,New York,0,4,August,2018
1372,Illinois,0,7,August,2018
1373,South Carolina,0,5,August,2018
1374,Pennsylvania,0,5,August,2018
1375,California,4,1,August,2018
1376,Pennsylvania,0,4,August,2018
1377,California,1,4,August,2018
1378,Colorado,1,3,August,2018
1379,Ohio,0,4,August,2018
1380,Missouri,0,4,August,2018
1381,Michigan,0,4,August,2018
1382,New Jersey,0,4,August,2018
1383,Pennsylvania,2,4,August,2018
1384,Illinois,1,4,August,2018
1385,Illinois,1,5,August,2018
1386,Illinois,0,8,August,2018
1387,Illinois,0,4,August,2018
1388,Illinois,0,4,August,2018
1389,Nevada,0,6,August,2018
1390,Missouri,0,6,August,2018
1391,Illinois,1,3,August,2018
1392,Wisconsin,0,4,August,2018
1393,California,2,3,July,2018
1394,Georgia,0,4,July,2018
1395,Illinois,0,4,July,2018
1396,Pennsylvania,0,4,July,2018
1397,Arizona,1,4,July,2018
1398,Michigan,0,4,July,2018
1399,Louisiana,3,7,July,2018
1400,California,2,4,July,2018
1401,Texas,5,0,July,2018
1402,Illinois,0,4,July,2018
1403,Ohio,1,6,July,2018
1404,California,2,2,July,2018
1405,Texas,0,6,July,2018
1406,Louisiana,0,4,July,2018
1407,Illinois,0,5,July,2018
1408,Maryland,0,4,July,2018
1409,Illinois,2,5,July,2018
1410,Washington,1,4,July,2018
1411,New Jersey,0,4,July,2018
1412,Oklahoma,0,4,July,2018
1413,Florida,2,4,July,2018
1414,District of Columbia,1,4,July,2018
1415,Pennsylvania,1,4,July,2018
1416,Colorado,0,4,July,2018
1417,Tennessee,0,5,July,2018
1418,Maryland,0,4,July,2018
1419,Virginia,1,3,July,2018
1420,Tennessee,0,5,July,2018
1421,Texas,0,4,July,2018
1422,Florida,0,4,July,2018
1423,Florida,1,4,July,2018
1424,Delaware,5,0,July,2018
1425,Alabama,0,6,July,2018
1426,Tennessee,0,4,July,2018
1427,Alabama,3,2,July,2018
1428,New York,0,4,July,2018
1429,New York,0,4,July,2018
1430,California,3,3,July,2018
1431,Virginia,0,6,July,2018
1432,Ohio,1,5,July,2018
1433,Georgia,1,3,July,2018
1434,Missouri,1,5,July,2018
1435,District of Columbia,0,4,July,2018
1436,New York,2,2,July,2018
1437,Illinois,0,6,July,2018
1438,Maryland,0,6,June,2018
1439,Georgia,1,6,June,2018
1440,New Jersey,0,5,June,2018
1441,Maryland,5,0,June,2018
1442,California,1,3,June,2018
1443,Texas,0,4,June,2018
1444,Connecticut,0,4,June,2018
1445,Illinois,0,6,June,2018
1446,North Carolina,1,6,June,2018
1447,Florida,0,4,June,2018
1448,Florida,0,4,June,2018
1449,Florida,1,3,June,2018
1450,Indiana,1,3,June,2018
1451,Ohio,0,5,June,2018
1452,Kansas,0,4,June,2018
1453,Illinois,1,4,June,2018
1454,Tennessee,0,4,June,2018
1455,Pennsylvania,1,3,June,2018
1456,California,1,3,June,2018
1457,Louisiana,0,4,June,2018
1458,Illinois,0,4,June,2018
1459,California,0,5,June,2018
1460,Alabama,0,4,June,2018
1461,Illinois,3,1,June,2018
1462,Illinois,2,3,June,2018
1463,North Carolina,0,4,June,2018
1464,New Jersey,1,19,June,2018
1465,Georgia,1,3,June,2018
1466,Illinois,0,4,June,2018
1467,California,0,5,June,2018
1468,New York,1,4,June,2018
1469,California,1,4,June,2018
1470,Colorado,1,3,June,2018
1471,Pennsylvania,0,4,June,2018
1472,New York,0,4,June,2018
1473,Alabama,0,4,June,2018
1474,Florida,6,0,June,2018
1475,California,0,6,June,2018
1476,Indiana,1,4,June,2018
1477,Illinois,0,7,June,2018
1478,Florida,1,5,June,2018
1479,Illinois,1,5,June,2018
1480,Illinois,2,2,June,2018
1481,North Carolina,0,4,June,2018
1482,Massachusetts,0,4,June,2018
1483,Pennsylvania,1,4,June,2018
1484,Florida,3,1,June,2018
1485,Texas,0,5,June,2018
1486,Illinois,1,3,June,2018
1487,Nebraska,1,6,June,2018
1488,New York,0,5,June,2018
1489,South Carolina,3,2,May,2018
1490,Louisiana,0,4,May,2018
1491,Colorado,1,3,May,2018
1492,Ohio,0,4,May,2018
1493,Indiana,0,4,May,2018
1494,Mississippi,1,7,May,2018
1495,Texas,10,13,May,2018
1496,Texas,5,1,May,2018
1497,Maryland,0,4,May,2018
1498,California,2,2,May,2018
1499,California,3,2,May,2018
1500,Mississippi,0,4,May,2018
1501,Nebraska,0,6,May,2018
1502,New Jersey,0,4,May,2018
1503,Missouri,0,4,May,2018
1504,Oklahoma,1,4,May,2018
1505,Missouri,0,4,May,2018
1506,Nebraska,0,4,May,2018
1507,California,0,5,May,2018
1508,Oklahoma,0,4,May,2018
1509,Tennessee,2,4,May,2018
1510,Georgia,0,5,May,2018
1511,North Carolina,0,4,May,2018
1512,Illinois,0,4,May,2018
1513,Illinois,1,4,May,2018
1514,Minnesota,0,5,May,2018
1515,New York,1,4,May,2018
1516,Louisiana,0,5,May,2018
1517,Florida,0,4,April,2018
1518,District of Columbia,0,4,April,2018
1519,Tennessee,0,4,April,2018
1520,Washington,2,2,April,2018
1521,North Carolina,1,3,April,2018
1522,Florida,1,3,April,2018
1523,North Carolina,0,5,April,2018
1524,Arkansas,0,4,April,2018
1525,Missouri,3,1,April,2018
1526,Michigan,0,4,April,2018
1527,Tennessee,4,3,April,2018
1528,Louisiana,2,4,April,2018
1529,Pennsylvania,2,2,April,2018
1530,California,1,5,April,2018
1531,North Carolina,4,3,April,2018
1532,Louisiana,0,6,April,2018
1533,California,0,4,April,2018
1534,North Carolina,1,3,April,2018
1535,Florida,2,2,April,2018
1536,Florida,0,4,April,2018
1537,Virginia,1,3,April,2018
1538,Louisiana,2,2,April,2018
1539,Texas,1,3,April,2018
1540,Alabama,1,4,April,2018
1541,Michigan,0,5,April,2018
1542,New Jersey,0,5,March,2018
1543,Texas,1,3,March,2018
1544,New Jersey,0,4,March,2018
1545,Utah,0,4,March,2018
1546,California,1,5,March,2018
1547,Kentucky,0,7,March,2018
1548,Illinois,0,4,March,2018
1549,Florida,0,4,March,2018
1550,California,0,4,March,2018
1551,Indiana,0,6,March,2018
1552,Illinois,1,3,March,2018
1553,Michigan,1,4,March,2018
1554,North Carolina,3,1,March,2018
1555,Alabama,2,2,March,2018
1556,Illinois,1,4,March,2018
1557,New York,1,3,March,2018
1558,Florida,0,4,March,2018
1559,Connecticut,0,4,February,2018
1560,Michigan,5,0,February,2018
1561,Florida,1,3,February,2018
1562,Texas,0,5,February,2018
1563,Kansas,1,7,February,2018
1564,Tennessee,0,5,February,2018
1565,Oklahoma,1,3,February,2018
1566,Florida,17,17,February,2018
1567,Louisiana,2,3,February,2018
1568,Michigan,4,3,February,2018
1569,Kentucky,5,0,February,2018
1570,Florida,3,3,February,2018
1571,Colorado,2,4,February,2018
1572,Ohio,1,5,February,2018
1573,Missouri,0,4,January,2018
1574,Pennsylvania,5,0,January,2018
1575,Indiana,2,3,January,2018
1576,Pennsylvania,4,0,January,2018
1577,Kentucky,0,4,January,2018
1578,California,0,5,January,2018
1579,District of Columbia,0,4,January,2018
1580,Kentucky,2,14,January,2018
1581,Pennsylvania,0,4,January,2018
1582,Florida,0,4,January,2018
1583,Illinois,0,4,January,2018
1584,District of Columbia,1,3,January,2018
1585,Florida,0,5,January,2018
1586,Alabama,1,4,January,2018
1587,Alabama,0,4,January,2018
1588,Tennessee,3,2,January,2018
1589,Missouri,2,2,January,2018
1590,Alabama,1,5,January,2018
1591,Florida,0,4,January,2018
1592,Mississippi,0,6,January,2018
1593,Arkansas,1,3,January,2018
1594,Alabama,1,3,January,2018
1595,Colorado,2,6,December,2017
1596,Illinois,0,4,December,2017
1597,New Jersey,4,0,December,2017
1598,Nevada,2,2,December,2017
1599,Florida,0,5,December,2017
1600,Mississippi,0,5,December,2017
1601,Alabama,1,4,December,2017
1602,Louisiana,1,3,December,2017
1603,Alabama,0,4,December,2017
1604,Pennsylvania,1,3,December,2017
1605,Louisiana,0,4,December,2017
1606,Mississippi,0,4,December,2017
1607,California,0,5,December,2017
1608,Ohio,1,3,December,2017
1609,Kentucky,0,4,December,2017
1610,Texas,0,4,December,2017
1611,Massachusetts,0,4,December,2017
1612,Illinois,0,4,December,2017
1613,Pennsylvania,2,2,December,2017
1614,Tennessee,1,3,December,2017
1615,Michigan,0,4,December,2017
1616,Michigan,1,4,November,2017
1617,Mississippi,1,6,November,2017
1618,Ohio,1,5,November,2017
1619,Minnesota,0,4,November,2017
1620,Louisiana,0,4,November,2017
1621,Georgia,0,7,November,2017
1622,California,2,2,November,2017
1623,California,6,12,November,2017
1624,Indiana,0,7,November,2017
1625,California,0,5,November,2017
1626,Georgia,2,2,November,2017
1627,Texas,1,3,November,2017
1628,North Carolina,1,5,November,2017
1629,Louisiana,1,5,November,2017
1630,Ohio,0,4,November,2017
1631,Pennsylvania,0,4,November,2017
1632,Texas,27,20,November,2017
1633,Texas,0,4,November,2017
1634,Ohio,0,4,November,2017
1635,California,1,3,November,2017
1636,Minnesota,0,4,November,2017
1637,California,0,4,November,2017
1638,New York,0,4,November,2017
1639,Louisiana,1,4,November,2017
1640,Texas,1,3,October,2017
1641,Ohio,0,4,October,2017
1642,Virginia,1,3,October,2017
1643,Kentucky,0,6,October,2017
1644,California,0,4,October,2017
1645,California,2,3,October,2017
1646,Connecticut,0,4,October,2017
1647,Alabama,2,7,October,2017
1648,Florida,0,4,October,2017
1649,Florida,0,4,October,2017
1650,Tennessee,0,4,October,2017
1651,Pennsylvania,0,4,October,2017
1652,Maryland,3,3,October,2017
1653,New York,0,4,October,2017
1654,Mississippi,1,3,October,2017
1655,Texas,2,2,October,2017
1656,Arizona,1,3,October,2017
1657,California,2,2,October,2017
1658,Ohio,4,0,October,2017
1659,California,0,4,October,2017
1660,Texas,0,5,October,2017
1661,Arizona,0,4,October,2017
1662,Illinois,0,5,October,2017
1663,Arizona,4,0,October,2017
1664,Florida,0,4,October,2017
1665,Kansas,3,2,October,2017
1666,Nevada,59,441,October,2017
1667,Tennessee,1,3,September,2017
1668,Louisiana,1,3,September,2017
1669,Pennsylvania,1,3,September,2017
1670,Tennessee,0,4,September,2017
1671,Maryland,2,2,September,2017
1672,Maryland,0,4,September,2017
1673,Tennessee,1,8,September,2017
1674,New York,0,4,September,2017
1675,Pennsylvania,0,4,September,2017
1676,New Jersey,1,3,September,2017
1677,California,1,4,September,2017
1678,Illinois,0,5,September,2017
1679,Connecticut,2,2,September,2017
1680,Indiana,0,5,September,2017
1681,Michigan,1,3,September,2017
1682,Virginia,1,4,September,2017
1683,South Carolina,0,8,September,2017
1684,Illinois,4,0,September,2017
1685,Tennessee,1,5,September,2017
1686,Washington,1,3,September,2017
1687,Pennsylvania,0,4,September,2017
1688,Pennsylvania,0,4,September,2017
1689,Texas,9,1,September,2017
1690,Louisiana,1,3,September,2017
1691,Alabama,0,4,September,2017
1692,Illinois,0,4,September,2017
1693,Illinois,0,4,September,2017
1694,California,2,3,September,2017
1695,Kentucky,0,4,September,2017
1696,Illinois,1,3,September,2017
1697,New Mexico,2,4,August,2017
1698,California,1,4,August,2017
1699,Indiana,1,3,August,2017
1700,Florida,0,4,August,2017
1701,Missouri,4,0,August,2017
1702,Illinois,0,4,August,2017
1703,New Jersey,0,4,August,2017
1704,North Carolina,4,0,August,2017
1705,New Jersey,1,3,August,2017
1706,Maryland,1,3,August,2017
1707,Tennessee,0,4,August,2017
1708,New York,0,4,August,2017
1709,Illinois,2,5,August,2017
1710,Ohio,1,4,August,2017
1711,New York,0,4,August,2017
1712,California,2,2,August,2017
1713,Pennsylvania,0,5,August,2017
1714,California,0,4,August,2017
1715,Virginia,0,4,August,2017
1716,Missouri,1,3,August,2017
1717,Illinois,1,6,August,2017
1718,New York,0,6,August,2017
1719,New York,0,4,August,2017
1720,California,0,7,August,2017
1721,New Jersey,0,4,August,2017
1722,South Carolina,1,3,August,2017
1723,Florida,1,3,August,2017
1724,Montana,3,2,August,2017
1725,District of Columbia,1,3,August,2017
1726,Maryland,0,4,August,2017
1727,Illinois,0,4,August,2017
1728,Washington,0,6,August,2017
1729,California,0,7,August,2017
1730,Illinois,0,4,July,2017
1731,Texas,1,3,July,2017
1732,Virginia,1,5,July,2017
1733,New York,1,4,July,2017
1734,North Carolina,2,3,July,2017
1735,Delaware,0,4,July,2017
1736,Illinois,1,4,July,2017
1737,North Carolina,1,6,July,2017
1738,Florida,1,3,July,2017
1739,Illinois,1,3,July,2017
1740,Louisiana,0,4,July,2017
1741,Ohio,0,5,July,2017
1742,Virginia,0,5,July,2017
1743,California,1,3,July,2017
1744,Wisconsin,0,4,July,2017
1745,New Jersey,1,3,July,2017
1746,Arizona,0,4,July,2017
1747,Pennsylvania,1,3,July,2017
1748,Illinois,0,4,July,2017
1749,Virginia,0,7,July,2017
1750,Illinois,0,4,July,2017
1751,Ohio,1,8,July,2017
1752,Mississippi,0,4,July,2017
1753,Georgia,0,4,July,2017
1754,Illinois,2,2,July,2017
1755,Maine,4,1,July,2017
1756,Florida,0,4,July,2017
1757,Virginia,1,4,July,2017
1758,North Carolina,1,3,July,2017
1759,Alabama,3,1,July,2017
1760,Michigan,1,3,July,2017
1761,New Jersey,0,4,July,2017
1762,South Carolina,0,4,July,2017
1763,Arkansas,0,25,July,2017
1764,Illinois,0,4,July,2017
1765,New Jersey,2,2,July,2017
1766,California,0,4,July,2017
1767,New York,2,6,June,2017
1768,Illinois,0,5,June,2017
1769,District of Columbia,0,4,June,2017
1770,Missouri,1,3,June,2017
1771,Florida,1,4,June,2017
1772,New York,0,5,June,2017
1773,New Jersey,0,4,June,2017
1774,Georgia,1,6,June,2017
1775,Missouri,3,2,June,2017
1776,District of Columbia,0,4,June,2017
1777,Illinois,0,4,June,2017
1778,South Carolina,0,7,June,2017
1779,Illinois,0,4,June,2017
1780,Ohio,1,4,June,2017
1781,Virginia,1,3,June,2017
1782,New Mexico,5,0,June,2017
1783,Virginia,1,5,June,2017
1784,Ohio,0,4,June,2017
1785,California,4,2,June,2017
1786,Maryland,0,4,June,2017
1787,Maryland,2,2,June,2017
1788,Missouri,0,4,June,2017
1789,Illinois,0,9,June,2017
1790,Tennessee,0,4,June,2017
1791,Texas,0,4,June,2017
1792,Tennessee,0,4,June,2017
1793,Texas,2,5,June,2017
1794,Louisiana,0,6,June,2017
1795,Utah,3,2,June,2017
1796,Florida,6,0,June,2017
1797,Missouri,2,2,June,2017
1798,Louisiana,3,2,June,2017
1799,California,1,3,June,2017
1800,Texas,2,3,June,2017
1801,Missouri,3,1,June,2017
1802,Ohio,1,3,May,2017
1803,Kentucky,1,3,May,2017
1804,Alabama,0,12,May,2017
1805,New Jersey,1,5,May,2017
1806,Mississippi,0,5,May,2017
1807,New York,0,4,May,2017
1808,District of Columbia,1,7,May,2017
1809,Mississippi,8,1,May,2017
1810,Florida,0,4,May,2017
1811,Iowa,1,3,May,2017
1812,Arizona,0,4,May,2017
1813,Pennsylvania,0,10,May,2017
1814,South Carolina,3,1,May,2017
1815,Arkansas,1,6,May,2017
1816,Illinois,0,5,May,2017
1817,Florida,0,5,May,2017
1818,Texas,0,4,May,2017
1819,New Jersey,1,3,May,2017
1820,Kansas,3,1,May,2017
1821,Illinois,2,8,May,2017
1822,Michigan,1,3,May,2017
1823,Florida,1,3,May,2017
1824,Texas,2,3,May,2017
1825,California,2,6,April,2017
1826,Kansas,4,1,April,2017
1827,Florida,0,5,April,2017
1828,South Carolina,1,5,April,2017
1829,California,1,3,April,2017
1830,California,0,5,April,2017
1831,California,1,5,April,2017
1832,Maryland,1,3,April,2017
1833,California,0,4,April,2017
1834,Virginia,0,4,April,2017
1835,Pennsylvania,0,4,April,2017
1836,New Jersey,1,3,April,2017
1837,Florida,0,4,April,2017
1838,Florida,2,2,April,2017
1839,Kentucky,0,4,April,2017
1840,California,0,4,April,2017
1841,North Carolina,0,4,April,2017
1842,Ohio,0,9,April,2017
1843,Illinois,0,4,April,2017
1844,Pennsylvania,0,4,April,2017
1845,Indiana,0,4,April,2017
1846,Alabama,0,6,April,2017
1847,Illinois,0,4,April,2017
1848,California,0,4,April,2017
1849,Georgia,1,3,April,2017
1850,Texas,1,3,April,2017
1851,Indiana,1,3,April,2017
1852,North Carolina,3,1,April,2017
1853,Texas,5,0,April,2017
1854,Minnesota,4,1,April,2017
1855,Illinois,1,5,April,2017
1856,Louisiana,1,3,April,2017
1857,Pennsylvania,3,1,April,2017
1858,Texas,0,7,April,2017
1859,Illinois,2,4,April,2017
1860,Iowa,0,5,April,2017
1861,California,0,5,April,2017
1862,Florida,1,4,April,2017
1863,Oklahoma,2,3,April,2017
1864,Illinois,4,0,March,2017
1865,Florida,2,4,March,2017
1866,Ohio,2,2,March,2017
1867,Texas,2,4,March,2017
1868,Ohio,2,15,March,2017
1869,Tennessee,1,4,March,2017
1870,Michigan,1,3,March,2017
1871,Ohio,2,2,March,2017
1872,California,1,4,March,2017
1873,Missouri,1,6,March,2017
1874,Wisconsin,5,0,March,2017
1875,Kentucky,1,5,March,2017
1876,Michigan,3,2,March,2017
1877,Louisiana,3,1,March,2017
1878,Illinois,2,2,March,2017
1879,Louisiana,3,1,March,2017
1880,Illinois,0,4,March,2017
1881,Georgia,0,4,March,2017
1882,Kansas,1,4,March,2017
1883,California,0,4,March,2017
1884,Pennsylvania,0,4,March,2017
1885,California,0,5,March,2017
1886,Ohio,0,6,February,2017
1887,Virginia,0,4,February,2017
1888,Indiana,1,4,February,2017
1889,Ohio,2,3,February,2017
1890,Florida,1,4,February,2017
1891,New York,0,4,February,2017
1892,Ohio,0,4,February,2017
1893,Mississippi,4,0,February,2017
1894,Ohio,0,5,February,2017
1895,Virginia,1,3,February,2017
1896,Pennsylvania,0,4,February,2017
1897,Indiana,1,3,February,2017
1898,California,0,4,February,2017
1899,Illinois,3,2,February,2017
1900,Missouri,1,6,February,2017
1901,New York,1,3,February,2017
1902,Florida,0,5,February,2017
1903,Illinois,1,3,February,2017
1904,Tennessee,0,4,February,2017
1905,Louisiana,1,5,February,2017
1906,Mississippi,4,0,February,2017
1907,Ohio,1,4,February,2017
1908,South Carolina,0,4,February,2017
1909,Arkansas,1,4,February,2017
1910,Mississippi,4,0,February,2017
1911,Tennessee,0,4,January,2017
1912,District of Columbia,0,4,January,2017
1913,Minnesota,0,4,January,2017
1914,Louisiana,1,4,January,2017
1915,Washington,4,0,January,2017
1916,Tennessee,0,10,January,2017
1917,Georgia,2,3,January,2017
1918,Illinois,0,6,January,2017
1919,Texas,3,2,January,2017
1920,Illinois,0,4,January,2017
1921,Georgia,3,1,January,2017
1922,Georgia,0,6,January,2017
1923,Florida,0,5,January,2017
1924,Tennessee,2,2,January,2017
1925,Mississippi,1,4,January,2017
1926,California,0,4,January,2017
1927,Texas,0,4,January,2017
1928,Florida,0,8,January,2017
1929,Colorado,3,1,January,2017
1930,Mississippi,1,4,January,2017
1931,Missouri,3,2,January,2017
1932,California,2,2,January,2017
1933,New Jersey,1,3,January,2017
1934,Illinois,1,3,January,2017
1935,Michigan,1,3,January,2017
1936,California,2,2,January,2017
1937,Florida,5,6,January,2017
1938,California,3,1,January,2017
1939,Texas,0,4,January,2017
1940,Mississippi,0,5,January,2017
1941,Texas,1,3,January,2017
1942,Florida,0,7,January,2017
1943,Georgia,2,2,December,2016
1944,Texas,1,3,December,2016
1945,Ohio,0,5,December,2016
1946,Connecticut,2,3,December,2016
1947,Georgia,1,4,December,2016
1948,Illinois,3,4,December,2016
1949,Alabama,0,4,December,2016
1950,New York,1,5,December,2016
1951,North Carolina,0,7,December,2016
1952,North Carolina,4,0,December,2016
1953,Alabama,1,3,December,2016
1954,Illinois,0,4,December,2016
1955,Illinois,5,0,December,2016
1956,North Carolina,0,4,December,2016
1957,Illinois,0,4,December,2016
1958,Illinois,2,2,December,2016
1959,California,1,3,December,2016
1960,New York,0,4,December,2016
1961,Florida,1,4,December,2016
1962,Maryland,0,5,December,2016
1963,North Carolina,0,4,December,2016
1964,Texas,4,0,December,2016
1965,California,0,4,December,2016
1966,New Mexico,4,1,December,2016
1967,California,0,6,December,2016
1968,New Jersey,0,6,December,2016
1969,California,1,3,December,2016
1970,Maryland,2,4,November,2016
1971,Texas,1,3,November,2016
1972,California,0,4,November,2016
1973,California,0,4,November,2016
1974,Louisiana,1,9,November,2016
1975,Missouri,0,7,November,2016
1976,Illinois,1,5,November,2016
1977,Louisiana,0,4,November,2016
1978,Kentucky,2,4,November,2016
1979,New York,1,3,November,2016
1980,Mississippi,0,4,November,2016
1981,Florida,1,4,November,2016
1982,Illinois,0,4,November,2016
1983,Tennessee,1,7,November,2016
1984,Florida,3,2,November,2016
1985,Texas,0,4,November,2016
1986,California,3,2,November,2016
1987,Florida,0,4,November,2016
1988,California,1,5,November,2016
1989,Missouri,1,3,November,2016
1990,Connecticut,0,5,November,2016
1991,Texas,0,4,November,2016
1992,Texas,1,3,November,2016
1993,Washington,0,5,November,2016
1994,Illinois,1,3,November,2016
1995,Tennessee,0,4,November,2016
1996,Texas,0,4,November,2016
1997,South Carolina,0,5,November,2016
1998,Florida,1,3,November,2016
1999,California,0,8,November,2016
2000,Illinois,0,5,November,2016
2001,Pennsylvania,0,4,November,2016
2002,Illinois,2,2,November,2016
2003,New Jersey,2,2,November,2016
2004,Arkansas,1,4,November,2016
2005,Tennessee,1,5,November,2016
2006,Louisiana,0,4,October,2016
2007,Ohio,0,4,October,2016
2008,Maryland,3,3,October,2016
2009,New York,0,4,October,2016
2010,New York,2,5,October,2016
2011,Texas,0,5,October,2016
2012,California,0,5,October,2016
2013,Ohio,1,3,October,2016
2014,California,0,4,October,2016
2015,Mississippi,0,6,October,2016
2016,Florida,0,4,October,2016
2017,Georgia,4,0,October,2016
2018,Ohio,1,3,October,2016
2019,Virginia,2,3,October,2016
2020,Oklahoma,1,5,October,2016
2021,California,0,7,October,2016
2022,California,0,4,October,2016
2023,Illinois,1,4,October,2016
2024,Alabama,0,5,October,2016
2025,Illinois,1,5,October,2016
2026,California,4,11,October,2016
2027,Illinois,1,6,October,2016
2028,Illinois,0,4,October,2016
2029,Michigan,1,8,October,2016
2030,California,1,3,October,2016
2031,New York,0,4,October,2016
2032,Louisiana,3,2,October,2016
2033,Minnesota,0,4,October,2016
2034,Texas,1,4,October,2016
2035,Illinois,4,0,October,2016
2036,California,0,4,October,2016
2037,California,1,3,September,2016
2038,North Carolina,0,4,September,2016
2039,Texas,0,4,September,2016
2040,Texas,1,6,September,2016
2041,Illinois,1,3,September,2016
2042,Maryland,0,8,September,2016
2043,Washington,5,0,September,2016
2044,Pennsylvania,0,4,September,2016
2045,Pennsylvania,0,4,September,2016
2046,Virginia,1,3,September,2016
2047,District of Columbia,2,7,September,2016
2048,Florida,0,6,September,2016
2049,Florida,1,6,September,2016
2050,Indiana,2,2,September,2016
2051,California,2,2,September,2016
2052,Pennsylvania,2,5,September,2016
2053,Texas,1,3,September,2016
2054,Indiana,3,2,September,2016
2055,Louisiana,1,5,September,2016
2056,Missouri,0,6,September,2016
2057,Michigan,0,5,September,2016
2058,North Carolina,0,5,September,2016
2059,Indiana,3,1,September,2016
2060,New Jersey,1,3,September,2016
2061,Florida,1,3,September,2016
2062,Texas,4,0,September,2016
2063,Arkansas,1,4,September,2016
2064,Illinois,2,3,September,2016
2065,Pennsylvania,0,4,September,2016
2066,Virginia,1,10,September,2016
2067,North Carolina,1,3,September,2016
2068,Illinois,0,4,September,2016
2069,Georgia,0,4,August,2016
2070,Illinois,0,4,August,2016
2071,New Jersey,1,5,August,2016
2072,Texas,0,6,August,2016
2073,New York,0,4,August,2016
2074,Missouri,2,2,August,2016
2075,Alabama,0,5,August,2016
2076,Alabama,1,6,August,2016
2077,Florida,2,4,August,2016
2078,New Jersey,0,5,August,2016
2079,Massachusetts,0,4,August,2016
2080,Connecticut,0,13,August,2016
2081,Connecticut,0,4,August,2016
2082,Washington,0,5,August,2016
2083,Alabama,5,0,August,2016
2084,Connecticut,0,4,August,2016
2085,California,0,4,August,2016
2086,Virginia,0,4,August,2016
2087,Minnesota,0,5,August,2016
2088,California,0,4,August,2016
2089,Wisconsin,2,2,August,2016
2090,New York,0,4,August,2016
2091,Missouri,0,4,August,2016
2092,Florida,1,3,August,2016
2093,Texas,1,3,August,2016
2094,Pennsylvania,0,4,August,2016
2095,Illinois,0,4,August,2016
2096,California,1,3,August,2016
2097,Florida,0,7,August,2016
2098,New Mexico,2,2,August,2016
2099,California,1,3,August,2016
2100,Colorado,2,2,August,2016
2101,Mississippi,1,3,August,2016
2102,Illinois,0,4,August,2016
2103,Pennsylvania,5,0,August,2016
2104,Michigan,1,3,August,2016
2105,California,2,2,August,2016
2106,Tennessee,0,4,August,2016
2107,Georgia,1,3,August,2016
2108,Florida,0,4,August,2016
2109,Indiana,0,4,August,2016
2110,Florida,3,1,July,2016
2111,Texas,1,4,July,2016
2112,Missouri,0,5,July,2016
2113,Washington,3,1,July,2016
2114,Georgia,0,5,July,2016
2115,Georgia,0,7,July,2016
2116,New York,0,5,July,2016
2117,Maryland,0,4,July,2016
2118,Illinois,2,2,July,2016
2119,Florida,2,19,July,2016
2120,Ohio,1,7,July,2016
2121,South Carolina,0,4,July,2016
2122,Ohio,2,2,July,2016
2123,New York,0,4,July,2016
2124,Texas,4,1,July,2016
2125,Illinois,0,5,July,2016
2126,Illinois,0,5,July,2016
2127,California,0,4,July,2016
2128,Arkansas,0,4,July,2016
2129,Michigan,0,4,July,2016
2130,Louisiana,4,3,July,2016
2131,Texas,1,3,July,2016
2132,Texas,0,5,July,2016
2133,Ohio,0,5,July,2016
2134,California,1,14,July,2016
2135,California,0,4,July,2016
2136,Tennessee,0,6,July,2016
2137,Washington,3,1,July,2016
2138,Texas,3,1,July,2016
2139,California,0,4,July,2016
2140,Ohio,1,3,July,2016
2141,Georgia,0,5,July,2016
2142,Missouri,2,2,July,2016
2143,Maryland,0,5,July,2016
2144,Michigan,0,4,July,2016
2145,Michigan,3,2,July,2016
2146,District of Columbia,0,4,July,2016
2147,Louisiana,0,4,July,2016
2148,Texas,5,9,July,2016
2149,Tennessee,1,4,July,2016
2150,California,0,4,July,2016
2151,New York,0,7,July,2016
2152,Texas,3,2,July,2016
2153,Pennsylvania,0,4,July,2016
2154,Illinois,0,4,July,2016
2155,Ohio,0,4,July,2016
2156,Arizona,2,6,July,2016
2157,Louisiana,2,3,July,2016
2158,Tennessee,0,4,July,2016
2159,Illinois,1,4,June,2016
2160,Nevada,5,0,June,2016
2161,California,1,3,June,2016
2162,Illinois,0,4,June,2016
2163,Oregon,3,1,June,2016
2164,South Carolina,0,4,June,2016
2165,North Carolina,0,5,June,2016
2166,Georgia,1,4,June,2016
2167,Texas,1,3,June,2016
2168,Texas,0,4,June,2016
2169,Texas,2,5,June,2016
2170,Virginia,0,4,June,2016
2171,Illinois,0,4,June,2016
2172,Kansas,0,4,June,2016
2173,Connecticut,0,5,June,2016
2174,Maryland,3,2,June,2016
2175,Georgia,1,3,June,2016
2176,Washington,3,1,June,2016
2177,Illinois,0,4,June,2016
2178,New Jersey,0,4,June,2016
2179,Kentucky,2,2,June,2016
2180,Virginia,0,4,June,2016
2181,Virginia,1,3,June,2016
2182,Georgia,2,2,June,2016
2183,Illinois,0,4,June,2016
2184,California,1,3,June,2016
2185,Delaware,0,4,June,2016
2186,California,0,4,June,2016
2187,New York,0,5,June,2016
2188,Illinois,0,5,June,2016
2189,Florida,50,53,June,2016
2190,Minnesota,0,4,June,2016
2191,North Carolina,1,3,June,2016
2192,California,1,3,June,2016
2193,New Mexico,5,0,June,2016
2194,California,3,2,June,2016
2195,Florida,0,4,June,2016
2196,District of Columbia,0,4,June,2016
2197,Massachusetts,1,3,June,2016
2198,California,0,4,June,2016
2199,Arizona,2,4,June,2016
2200,Minnesota,0,4,June,2016
2201,Florida,3,3,June,2016
2202,New York,0,4,June,2016
2203,Colorado,3,1,June,2016
2204,Illinois,0,4,May,2016
2205,Indiana,0,4,May,2016
2206,Maryland,0,5,May,2016
2207,California,0,5,May,2016
2208,Nevada,0,4,May,2016
2209,New Jersey,0,6,May,2016
2210,Indiana,0,4,May,2016
2211,Texas,2,6,May,2016
2212,New Jersey,0,5,May,2016
2213,Louisiana,0,4,May,2016
2214,California,1,3,May,2016
2215,Tennessee,0,4,May,2016
2216,Georgia,1,3,May,2016
2217,Indiana,0,4,May,2016
2218,South Carolina,3,1,May,2016
2219,Georgia,5,0,May,2016
2220,Indiana,0,4,May,2016
2221,Georgia,0,5,May,2016
2222,West Virginia,1,3,May,2016
2223,Alabama,1,4,May,2016
2224,Illinois,0,5,May,2016
2225,Texas,1,3,May,2016
2226,Michigan,1,4,May,2016
2227,Alabama,1,3,May,2016
2228,Maryland,3,3,May,2016
2229,Louisiana,2,6,May,2016
2230,Florida,1,3,May,2016
2231,Minnesota,1,7,May,2016
2232,Tennessee,0,5,May,2016
2233,Missouri,0,4,April,2016
2234,California,0,5,April,2016
2235,Louisiana,2,2,April,2016
2236,Mississippi,3,1,April,2016
2237,Maryland,1,4,April,2016
2238,Tennessee,0,4,April,2016
2239,Florida,0,5,April,2016
2240,Virginia,0,5,April,2016
2241,Illinois,2,3,April,2016
2242,Colorado,0,4,April,2016
2243,Nevada,1,3,April,2016
2244,Alabama,3,1,April,2016
2245,New York,0,4,April,2016
2246,Kansas,1,4,April,2016
2247,Ohio,8,0,April,2016
2248,Georgia,6,0,April,2016
2249,Maryland,0,4,April,2016
2250,Alabama,1,4,April,2016
2251,Illinois,1,3,April,2016
2252,Illinois,1,4,April,2016
2253,California,1,3,April,2016
2254,Pennsylvania,3,1,April,2016
2255,South Carolina,1,3,April,2016
2256,Texas,1,6,April,2016
2257,Michigan,1,4,April,2016
2258,Florida,2,4,April,2016
2259,Alabama,0,4,April,2016
2260,Wisconsin,1,3,April,2016
2261,California,0,4,April,2016
2262,Tennessee,0,4,April,2016
2263,Alabama,0,4,April,2016
2264,New Mexico,0,4,April,2016
2265,Illinois,0,4,April,2016
2266,Illinois,0,4,March,2016
2267,Illinois,0,4,March,2016
2268,Colorado,0,4,March,2016
2269,Illinois,0,4,March,2016
2270,Florida,1,4,March,2016
2271,Alabama,2,2,March,2016
2272,Georgia,0,5,March,2016
2273,Florida,0,4,March,2016
2274,Oregon,0,4,March,2016
2275,California,0,4,March,2016
2276,Michigan,2,2,March,2016
2277,New Jersey,0,5,March,2016
2278,Pennsylvania,6,2,March,2016
2279,Texas,2,3,March,2016
2280,Louisiana,0,4,March,2016
2281,Kansas,5,0,March,2016
2282,Massachusetts,1,6,March,2016
2283,Georgia,0,4,March,2016
2284,California,1,8,March,2016
2285,Kansas,0,4,March,2016
2286,Ohio,1,3,March,2016
2287,Michigan,0,5,February,2016
2288,California,1,3,February,2016
2289,Virginia,2,2,February,2016
2290,Washington,5,0,February,2016
2291,Kansas,4,14,February,2016
2292,Arizona,5,0,February,2016
2293,Florida,0,4,February,2016
2294,Texas,0,5,February,2016
2295,Missouri,1,3,February,2016
2296,Florida,1,3,February,2016
2297,Michigan,6,2,February,2016
2298,Alabama,1,3,February,2016
2299,Florida,0,4,February,2016
2300,Mississippi,2,3,February,2016
2301,Missouri,4,0,February,2016
2302,California,1,3,February,2016
2303,Texas,1,3,February,2016
2304,Alabama,0,5,February,2016
2305,Louisiana,0,4,February,2016
2306,Mississippi,2,4,February,2016
2307,Florida,2,10,February,2016
2308,New York,1,7,February,2016
2309,Illinois,0,4,February,2016
2310,California,1,3,February,2016
2311,Florida,0,4,February,2016
2312,Florida,2,6,February,2016
2313,District of Columbia,0,4,February,2016
2314,Arizona,3,5,January,2016
2315,Virginia,6,0,January,2016
2316,Washington,2,3,January,2016
2317,California,1,4,January,2016
2318,California,2,2,January,2016
2319,Virginia,1,3,January,2016
2320,Delaware,1,4,January,2016
2321,District of Columbia,0,4,January,2016
2322,Illinois,1,4,January,2016
2323,Tennessee,1,3,January,2016
2324,Florida,3,1,January,2016
2325,Louisiana,0,6,December,2015
2326,Tennessee,0,4,December,2015
2327,Pennsylvania,0,4,December,2015
2328,Florida,0,4,December,2015
2329,Alabama,0,4,December,2015
2330,California,0,4,December,2015
2331,North Carolina,1,4,December,2015
2332,Florida,0,4,December,2015
2333,Florida,1,4,December,2015
2334,California,1,3,December,2015
2335,California,0,4,December,2015
2336,Illinois,1,3,December,2015
2337,Georgia,0,4,December,2015
2338,Maryland,1,3,December,2015
2339,Pennsylvania,0,4,December,2015
2340,Ohio,1,3,December,2015
2341,Louisiana,1,3,December,2015
2342,Nebraska,2,3,December,2015
2343,California,16,19,December,2015
2344,Georgia,1,3,December,2015
2345,Illinois,0,5,November,2015
2346,Colorado,3,9,November,2015
2347,California,2,2,November,2015
2348,South Carolina,0,4,November,2015
2349,Ohio,4,1,November,2015
2350,Minnesota,0,5,November,2015
2351,Texas,0,4,November,2015
2352,Washington,0,4,November,2015
2353,New York,0,5,November,2015
2354,South Carolina,1,3,November,2015
2355,Illinois,0,4,November,2015
2356,Louisiana,0,17,November,2015
2357,Maryland,1,3,November,2015
2358,Pennsylvania,1,3,November,2015
2359,California,0,5,November,2015
2360,Alabama,3,1,November,2015
2361,Texas,5,0,November,2015
2362,Pennsylvania,0,4,November,2015
2363,Pennsylvania,0,4,November,2015
2364,Florida,4,1,November,2015
2365,Indiana,2,2,November,2015
2366,Iowa,1,3,November,2015
2367,Michigan,0,4,November,2015
2368,Colorado,1,3,November,2015
2369,California,0,4,November,2015
2370,Florida,2,3,November,2015
2371,South Carolina,4,0,November,2015
2372,Louisiana,1,3,October,2015
2373,Texas,0,5,October,2015
2374,Indiana,0,5,October,2015
2375,Arizona,1,4,October,2015
2376,District of Columbia,0,5,October,2015
2377,North Carolina,0,5,October,2015
2378,South Carolina,0,4,October,2015
2379,Tennessee,1,3,October,2015
2380,Illinois,0,6,October,2015
2381,Louisiana,0,4,October,2015
2382,Indiana,0,4,October,2015
2383,Florida,1,4,October,2015
2384,Georgia,0,4,October,2015
2385,Tennessee,0,6,October,2015
2386,North Carolina,0,4,October,2015
2387,Illinois,1,3,October,2015
2388,Arizona,1,3,October,2015
2389,Maryland,0,5,October,2015
2390,Maryland,1,4,October,2015
2391,Oregon,10,9,October,2015
2392,Ohio,0,5,September,2015
2393,Illinois,3,2,September,2015
2394,Illinois,2,3,September,2015
2395,Ohio,0,4,September,2015
2396,Georgia,0,10,September,2015
2397,Illinois,0,4,September,2015
2398,Missouri,0,4,September,2015
2399,Illinois,0,4,September,2015
2400,Illinois,0,5,September,2015
2401,Florida,0,4,September,2015
2402,Louisiana,0,5,September,2015
2403,Georgia,1,3,September,2015
2404,Oklahoma,0,6,September,2015
2405,Pennsylvania,1,3,September,2015
2406,Illinois,1,5,September,2015
2407,Indiana,1,3,September,2015
2408,South Dakota,6,0,September,2015
2409,Michigan,0,4,September,2015
2410,New Jersey,0,4,September,2015
2411,Florida,1,5,September,2015
2412,Louisiana,0,4,September,2015
2413,New York,2,4,September,2015
2414,Minnesota,0,6,September,2015
2415,Minnesota,1,3,September,2015
2416,North Carolina,0,5,September,2015
2417,Minnesota,5,0,September,2015
2418,Georgia,0,4,September,2015
2419,Illinois,0,4,September,2015
2420,Indiana,2,4,September,2015
2421,Colorado,0,4,September,2015
2422,North Carolina,1,3,September,2015
2423,Florida,0,4,September,2015
2424,Nevada,1,3,September,2015
2425,Missouri,0,4,September,2015
2426,Tennessee,1,4,August,2015
2427,Tennessee,3,2,August,2015
2428,Texas,1,3,August,2015
2429,New York,1,3,August,2015
2430,California,2,2,August,2015
2431,Minnesota,0,4,August,2015
2432,Illinois,2,2,August,2015
2433,Florida,2,2,August,2015
2434,Louisiana,1,3,August,2015
2435,California,1,7,August,2015
2436,Florida,0,4,August,2015
2437,New Mexico,3,1,August,2015
2438,North Carolina,0,8,August,2015
2439,Ohio,2,5,August,2015
2440,New York,3,4,August,2015
2441,Texas,0,6,August,2015
2442,Illinois,0,4,August,2015
2443,South Carolina,0,5,August,2015
2444,Pennsylvania,1,3,August,2015
2445,California,0,4,August,2015
2446,South Carolina,1,3,August,2015
2447,California,0,4,August,2015
2448,Mississippi,1,3,August,2015
2449,Michigan,1,3,August,2015
2450,Missouri,0,4,August,2015
2451,North Carolina,2,3,August,2015
2452,Arkansas,1,11,August,2015
2453,Texas,8,0,August,2015
2454,Vermont,4,0,August,2015
2455,South Carolina,0,4,August,2015
2456,Missouri,1,4,August,2015
2457,New York,0,5,August,2015
2458,New York,0,9,August,2015
2459,Maryland,0,7,August,2015
2460,Illinois,1,4,August,2015
2461,Georgia,0,5,August,2015
2462,Illinois,0,4,August,2015
2463,Florida,0,4,August,2015
2464,Pennsylvania,0,4,July,2015
2465,Illinois,0,5,July,2015
2466,Missouri,2,3,July,2015
2467,Louisiana,0,4,July,2015
2468,Virginia,0,4,July,2015
2469,Pennsylvania,2,5,July,2015
2470,Louisiana,3,9,July,2015
2471,Missouri,0,6,July,2015
2472,Georgia,5,0,July,2015
2473,Florida,1,3,July,2015
2474,New York,0,6,July,2015
2475,Virginia,0,4,July,2015
2476,Kentucky,0,6,July,2015
2477,North Carolina,0,4,July,2015
2478,California,0,4,July,2015
2479,California,0,5,July,2015
2480,Oregon,1,4,July,2015
2481,Louisiana,2,2,July,2015
2482,Illinois,0,5,July,2015
2483,Ohio,0,4,July,2015
2484,District of Columbia,1,3,July,2015
2485,Texas,0,5,July,2015
2486,Tennessee,6,2,July,2015
2487,Georgia,0,5,July,2015
2488,Maryland,1,3,July,2015
2489,Ohio,0,7,July,2015
2490,Michigan,0,4,July,2015
2491,South Carolina,4,1,July,2015
2492,Missouri,0,4,July,2015
2493,California,0,4,July,2015
2494,California,1,4,July,2015
2495,Illinois,2,3,July,2015
2496,New Jersey,0,4,July,2015
2497,Ohio,1,3,July,2015
2498,Maryland,3,1,July,2015
2499,Louisiana,0,6,July,2015
2500,Indiana,0,9,July,2015
2501,New Jersey,1,3,July,2015
2502,Kentucky,0,4,July,2015
2503,Massachusetts,1,4,July,2015
2504,District of Columbia,1,3,July,2015
2505,New York,0,4,July,2015
2506,Texas,0,4,July,2015
2507,Indiana,1,3,July,2015
2508,Florida,0,4,June,2015
2509,Illinois,0,6,June,2015
2510,Michigan,0,5,June,2015
2511,Delaware,0,6,June,2015
2512,Massachusetts,1,3,June,2015
2513,Michigan,0,4,June,2015
2514,New York,0,4,June,2015
2515,Pennsylvania,0,7,June,2015
2516,Pennsylvania,0,4,June,2015
2517,Kentucky,1,4,June,2015
2518,Pennsylvania,0,10,June,2015
2519,North Carolina,0,4,June,2015
2520,Michigan,1,11,June,2015
2521,Rhode Island,0,4,June,2015
2522,South Carolina,9,0,June,2015
2523,Florida,0,4,June,2015
2524,New York,0,4,June,2015
2525,New Jersey,1,3,June,2015
2526,Oklahoma,0,4,June,2015
2527,Missouri,0,4,June,2015
2528,Georgia,1,4,June,2015
2529,Oklahoma,0,4,June,2015
2530,Georgia,1,3,June,2015
2531,New York,0,5,June,2015
2532,Ohio,4,1,June,2015
2533,Florida,0,4,June,2015
2534,Connecticut,1,8,June,2015
2535,Texas,1,3,June,2015
2536,California,1,3,June,2015
2537,Missouri,1,3,June,2015
2538,Montana,5,0,June,2015
2539,New York,1,4,June,2015
2540,Illinois,0,5,June,2015
2541,Iowa,0,5,June,2015
2542,Louisiana,1,3,June,2015
2543,New York,3,1,June,2015
2544,Georgia,3,2,May,2015
2545,Ohio,3,1,May,2015
2546,Maryland,1,3,May,2015
2547,Connecticut,0,5,May,2015
2548,California,0,4,May,2015
2549,Nebraska,0,4,May,2015
2550,Illinois,0,5,May,2015
2551,Pennsylvania,1,3,May,2015
2552,Louisiana,2,2,May,2015
2553,Illinois,1,4,May,2015
2554,Massachusetts,0,5,May,2015
2555,Michigan,0,7,May,2015
2556,Alabama,1,3,May,2015
2557,Missouri,0,4,May,2015
2558,California,2,2,May,2015
2559,Maryland,1,3,May,2015
2560,Missouri,0,4,May,2015
2561,Florida,1,4,May,2015
2562,Texas,9,18,May,2015
2563,Wisconsin,0,5,May,2015
2564,New York,0,4,May,2015
2565,Maryland,0,5,May,2015
2566,Arizona,5,0,May,2015
2567,Maryland,1,4,May,2015
2568,Ohio,1,4,May,2015
2569,New Jersey,0,4,May,2015
2570,New Jersey,1,3,May,2015
2571,Ohio,0,4,May,2015
2572,Michigan,0,4,May,2015
2573,New York,1,3,May,2015
2574,Indiana,0,4,May,2015
2575,New York,0,4,May,2015
2576,Ohio,1,6,May,2015
2577,Texas,0,6,May,2015
2578,Wisconsin,4,1,May,2015
2579,Wisconsin,2,3,May,2015
2580,New York,2,4,April,2015
2581,Arizona,2,2,April,2015
2582,New Jersey,0,4,April,2015
2583,New York,1,6,April,2015
2584,Texas,2,3,April,2015
2585,Virginia,0,4,April,2015
2586,Alabama,0,5,April,2015
2587,Pennsylvania,0,5,April,2015
2588,North Carolina,1,3,April,2015
2589,North Carolina,0,4,April,2015
2590,New Jersey,1,3,April,2015
2591,Arizona,5,0,April,2015
2592,Georgia,1,3,April,2015
2593,Pennsylvania,1,3,April,2015
2594,Kentucky,1,4,April,2015
2595,Indiana,0,5,April,2015
2596,Michigan,0,4,April,2015
2597,Florida,0,4,April,2015
2598,Maryland,0,5,April,2015
2599,Florida,0,7,March,2015
2600,Texas,0,4,March,2015
2601,Indiana,4,0,March,2015
2602,Tennessee,1,4,March,2015
2603,New Mexico,1,6,March,2015
2604,Florida,0,4,March,2015
2605,Oklahoma,0,4,March,2015
2606,Texas,1,5,March,2015
2607,New Jersey,1,3,March,2015
2608,Arizona,1,5,March,2015
2609,California,3,4,March,2015
2610,California,0,4,March,2015
2611,Georgia,0,5,March,2015
2612,California,0,4,March,2015
2613,Mississippi,2,3,March,2015
2614,Georgia,0,5,March,2015
2615,Illinois,1,3,March,2015
2616,South Carolina,1,3,March,2015
2617,Missouri,0,4,March,2015
2618,California,3,4,March,2015
2619,Florida,0,4,March,2015
2620,Michigan,1,5,March,2015
2621,Maryland,1,3,February,2015
2622,Missouri,8,1,February,2015
2623,Texas,3,1,February,2015
2624,Florida,0,4,February,2015
2625,Texas,4,1,February,2015
2626,South Carolina,0,4,February,2015
2627,Georgia,3,2,February,2015
2628,California,0,4,February,2015
2629,Arkansas,1,3,February,2015
2630,California,0,5,February,2015
2631,Florida,3,1,February,2015
2632,Tennessee,0,6,February,2015
2633,Georgia,5,2,February,2015
2634,Oklahoma,1,4,February,2015
2635,Ohio,3,3,February,2015
2636,New York,0,6,February,2015
2637,New York,1,4,February,2015
2638,Georgia,4,0,January,2015
2639,Georgia,1,3,January,2015
2640,California,1,3,January,2015
2641,New York,4,1,January,2015
2642,Nebraska,3,5,January,2015
2643,Massachusetts,0,6,January,2015
2644,Tennessee,1,3,January,2015
2645,Texas,2,5,January,2015
2646,Illinois,2,2,January,2015
2647,Virginia,0,5,January,2015
2648,North Carolina,2,5,January,2015
2649,Florida,1,3,January,2015
2650,California,0,5,January,2015
2651,Kansas,2,2,January,2015
2652,California,4,0,January,2015
2653,Massachusetts,1,3,January,2015
2654,Tennessee,1,3,January,2015
2655,Florida,1,3,January,2015
2656,Virginia,2,4,January,2015
2657,Texas,3,1,January,2015
2658,Georgia,1,4,January,2015
2659,Tennessee,0,5,January,2015
2660,Louisiana,0,4,December,2014
2661,California,1,3,December,2014
2662,California,0,4,December,2014
2663,Illinois,1,3,December,2014
2664,Missouri,1,3,December,2014
2665,Kentucky,1,3,December,2014
2666,Michigan,1,3,December,2014
2667,New York,4,2,December,2014
2668,Illinois,0,5,December,2014
2669,Florida,2,2,December,2014
2670,Mississippi,1,4,December,2014
2671,Illinois,1,8,December,2014
2672,Illinois,4,0,December,2014
2673,New Jersey,0,4,December,2014
2674,Pennsylvania,7,0,December,2014
2675,Florida,1,4,December,2014
2676,Florida,0,5,December,2014
2677,Oregon,0,4,December,2014
2678,Indiana,0,4,December,2014
2679,Missouri,1,5,December,2014
2680,Virginia,0,5,December,2014
2681,New York,0,4,November,2014
2682,Tennessee,0,5,November,2014
2683,New Jersey,1,3,November,2014
2684,Georgia,3,2,November,2014
2685,Tennessee,0,4,November,2014
2686,Texas,2,3,November,2014
2687,California,0,6,November,2014
2688,Virginia,0,4,November,2014
2689,Colorado,1,4,November,2014
2690,Ohio,4,1,November,2014
2691,South Dakota,4,1,November,2014
2692,Ohio,1,3,November,2014
2693,Pennsylvania,0,6,November,2014
2694,Illinois,1,3,November,2014
2695,Nevada,0,4,November,2014
2696,Ohio,1,4,November,2014
2697,Texas,0,6,November,2014
2698,Missouri,4,0,November,2014
2699,Florida,1,3,November,2014
2700,California,0,5,November,2014
2701,California,0,4,November,2014
2702,California,0,4,November,2014
2703,California,0,4,November,2014
2704,Tennessee,0,5,October,2014
2705,Kentucky,4,0,October,2014
2706,Washington,5,1,October,2014
2707,New York,0,4,October,2014
2708,South Carolina,1,3,October,2014
2709,New York,0,4,October,2014
2710,Michigan,1,3,October,2014
2711,Georgia,3,2,October,2014
2712,Georgia,0,4,October,2014
2713,California,3,1,October,2014
2714,Georgia,1,3,October,2014
2715,New York,0,5,October,2014
2716,Georgia,0,4,October,2014
2717,New York,4,0,October,2014
2718,Florida,3,1,October,2014
2719,Michigan,1,5,October,2014
2720,Tennessee,2,2,October,2014
2721,California,0,4,October,2014
2722,South Carolina,1,7,September,2014
2723,California,0,4,September,2014
2724,Pennsylvania,0,4,September,2014
2725,Florida,0,15,September,2014
2726,Missouri,0,5,September,2014
2727,South Carolina,1,4,September,2014
2728,Ohio,0,4,September,2014
2729,Mississippi,2,2,September,2014
2730,New York,0,4,September,2014
2731,Florida,8,0,September,2014
2732,Louisiana,0,5,September,2014
2733,Texas,3,1,September,2014
2734,Alaska,0,6,September,2014
2735,Michigan,1,7,September,2014
2736,Florida,0,4,September,2014
2737,Georgia,0,5,September,2014
2738,Michigan,0,5,September,2014
2739,California,0,6,September,2014
2740,California,0,5,September,2014
2741,Mississippi,2,3,September,2014
2742,California,0,5,August,2014
2743,Florida,3,1,August,2014
2744,Michigan,1,3,August,2014
2745,Illinois,1,3,August,2014
2746,Georgia,1,3,August,2014
2747,California,3,4,August,2014
2748,Tennessee,0,5,August,2014
2749,Louisiana,0,4,August,2014
2750,New York,0,4,August,2014
2751,Massachusetts,0,4,August,2014
2752,California,1,3,August,2014
2753,Nevada,0,4,August,2014
2754,New Jersey,1,3,August,2014
2755,Utah,0,6,August,2014
2756,Tennessee,1,3,August,2014
2757,Tennessee,0,4,August,2014
2758,Louisiana,0,4,August,2014
2759,New York,1,3,August,2014
2760,Georgia,2,3,August,2014
2761,Louisiana,2,5,August,2014
2762,District of Columbia,0,6,August,2014
2763,Georgia,0,6,August,2014
2764,California,0,7,August,2014
2765,Minnesota,1,8,August,2014
2766,District of Columbia,0,4,August,2014
2767,Wisconsin,0,4,August,2014
2768,New Mexico,1,3,August,2014
2769,California,3,1,August,2014
2770,Georgia,0,5,August,2014
2771,Virginia,5,0,August,2014
2772,Texas,0,7,August,2014
2773,Missouri,0,5,August,2014
2774,Tennessee,0,5,August,2014
2775,Texas,3,1,August,2014
2776,Massachusetts,0,7,August,2014
2777,Pennsylvania,1,5,August,2014
2778,Pennsylvania,1,3,August,2014
2779,North Carolina,3,4,July,2014
2780,Pennsylvania,1,4,July,2014
2781,Missouri,0,5,July,2014
2782,Arkansas,1,3,July,2014
2783,Maine,5,0,July,2014
2784,Georgia,0,8,July,2014
2785,Illinois,1,6,July,2014
2786,Pennsylvania,0,4,July,2014
2787,New Jersey,0,6,July,2014
2788,Tennessee,0,4,July,2014
2789,Illinois,1,3,July,2014
2790,Nevada,1,3,July,2014
2791,Illinois,0,4,July,2014
2792,California,1,4,July,2014
2793,District of Columbia,0,4,July,2014
2794,Washington,0,5,July,2014
2795,Connecticut,0,5,July,2014
2796,California,3,2,July,2014
2797,Illinois,1,3,July,2014
2798,Texas,6,1,July,2014
2799,Rhode Island,0,5,July,2014
2800,Kentucky,0,4,July,2014
2801,California,1,4,July,2014
2802,Florida,2,2,July,2014
2803,Missouri,0,4,July,2014
2804,New York,0,4,July,2014
2805,Texas,0,6,July,2014
2806,Virginia,0,7,July,2014
2807,Oregon,1,4,July,2014
2808,Indiana,0,7,July,2014
2809,Illinois,0,5,July,2014
2810,Virginia,0,5,July,2014
2811,Pennsylvania,0,5,July,2014
2812,Kentucky,1,3,June,2014
2813,Louisiana,1,9,June,2014
2814,Missouri,0,4,June,2014
2815,California,1,5,June,2014
2816,California,0,7,June,2014
2817,New York,0,4,June,2014
2818,California,1,3,June,2014
2819,Wisconsin,0,5,June,2014
2820,Michigan,2,2,June,2014
2821,Massachusetts,0,5,June,2014
2822,Florida,2,7,June,2014
2823,California,1,3,June,2014
2824,Tennessee,0,5,June,2014
2825,District of Columbia,0,4,June,2014
2826,Maryland,0,4,June,2014
2827,Indiana,0,4,June,2014
2828,Illinois,0,4,June,2014
2829,California,3,1,June,2014
2830,New Jersey,0,6,June,2014
2831,Florida,5,0,June,2014
2832,Alabama,1,4,June,2014
2833,South Carolina,1,5,June,2014
2834,Michigan,1,3,June,2014
2835,Illinois,1,3,June,2014
2836,Georgia,1,4,June,2014
2837,Illinois,0,7,June,2014
2838,Illinois,1,5,June,2014
2839,California,0,4,June,2014
2840,California,1,3,May,2014
2841,Ohio,1,3,May,2014
2842,Michigan,0,4,May,2014
2843,South Carolina,3,1,May,2014
2844,Louisiana,1,7,May,2014
2845,California,4,7,May,2014
2846,California,2,2,May,2014
2847,Texas,1,3,May,2014
2848,Ohio,0,7,May,2014
2849,California,1,3,May,2014
2850,District of Columbia,0,5,May,2014
2851,Georgia,0,5,May,2014
2852,Illinois,0,4,May,2014
2853,Tennessee,0,7,May,2014
2854,California,1,6,May,2014
2855,Georgia,1,3,May,2014
2856,Georgia,2,3,May,2014
2857,Illinois,1,3,May,2014
2858,Colorado,0,4,May,2014
2859,Arkansas,4,4,May,2014
2860,Illinois,0,4,April,2014
2861,Georgia,1,6,April,2014
2862,New York,0,5,April,2014
2863,Tennessee,2,3,April,2014
2864,California,1,3,April,2014
2865,Illinois,0,6,April,2014
2866,Florida,2,2,April,2014
2867,Illinois,0,5,April,2014
2868,District of Columbia,0,4,April,2014
2869,Louisiana,1,3,April,2014
2870,Indiana,0,4,April,2014
2871,Illinois,0,5,April,2014
2872,Tennessee,3,1,April,2014
2873,Louisiana,0,4,April,2014
2874,Massachusetts,0,4,April,2014
2875,Oklahoma,0,4,April,2014
2876,Illinois,1,5,April,2014
2877,Arizona,1,3,April,2014
2878,California,0,4,April,2014
2879,Texas,4,16,April,2014
2880,North Carolina,0,5,March,2014
2881,Mississippi,0,5,March,2014
2882,Texas,1,3,March,2014
2883,California,0,7,March,2014
2884,California,1,3,March,2014
2885,South Carolina,0,4,March,2014
2886,Texas,3,1,March,2014
2887,Georgia,0,4,March,2014
2888,New York,0,4,March,2014
2889,Ohio,3,1,March,2014
2890,Texas,0,6,March,2014
2891,California,1,3,March,2014
2892,Illinois,0,6,March,2014
2893,South Carolina,3,1,March,2014
2894,Pennsylvania,1,4,March,2014
2895,Michigan,0,4,March,2014
2896,Virginia,4,1,February,2014
2897,California,0,4,February,2014
2898,Indiana,4,0,February,2014
2899,California,4,2,February,2014
2900,Florida,1,6,February,2014
2901,Texas,1,7,February,2014
2902,Indiana,0,5,February,2014
2903,Texas,1,4,February,2014
2904,Florida,1,4,February,2014
2905,Nevada,0,5,February,2014
2906,Indiana,0,5,February,2014
2907,California,1,3,February,2014
2908,California,1,3,February,2014
2909,Florida,0,5,February,2014
2910,Louisiana,0,4,February,2014
2911,Illinois,1,3,February,2014
2912,Indiana,3,2,February,2014
2913,North Carolina,0,4,January,2014
2914,Washington,1,4,January,2014
2915,Illinois,1,4,January,2014
2916,Florida,0,4,January,2014
2917,New Jersey,2,3,January,2014
2918,Virginia,0,4,January,2014
2919,Oklahoma,2,4,January,2014
2920,Utah,5,0,January,2014
2921,California,0,4,January,2014
2922,Michigan,0,4,January,2014
2923,Illinois,0,5,January,2014
2924,Louisiana,0,6,January,2014
2925,Alabama,0,5,January,2014
2926,Mississippi,0,4,January,2014
2927,Pennsylvania,1,3,January,2014
2928,New York,1,3,January,2014
2929,Virginia,2,2,January,2014
